Timestamp,Run,F1_Macro,F1_Binary,AUC,AUPRC
2026-05-03 06:39:48,1,0.8833,0.8000,0.9767,0.9151
2026-05-03 06:40:09,2,0.8833,0.8000,0.9500,0.8929
2026-05-03 06:40:28,3,0.9417,0.9000,0.9850,0.9526
2026-05-03 06:40:45,4,1.0000,1.0000,1.0000,1.0000
2026-05-03 06:41:04,5,1.0000,1.0000,1.0000,1.0000
2026-05-03 06:41:19,6,0.8833,0.8000,0.9683,0.8928
2026-05-03 06:41:38,7,0.9417,0.9000,0.9833,0.9426
2026-05-03 06:41:54,8,0.9417,0.9000,0.9533,0.9170
2026-05-03 06:42:08,9,0.9417,0.9000,0.9667,0.9146
2026-05-03 06:42:22,10,0.8833,0.8000,0.9867,0.9407
2026-05-03 06:42:40,11,0.8833,0.8000,0.9583,0.9015
2026-05-03 06:43:01,12,0.9417,0.9000,0.9833,0.9500
2026-05-03 06:43:17,13,0.8833,0.8000,0.9833,0.9374
2026-05-03 06:43:33,14,1.0000,1.0000,1.0000,1.0000
2026-05-03 06:43:54,15,0.8833,0.8000,0.9800,0.9318
2026-05-03 06:44:17,16,0.8250,0.7000,0.9517,0.7429
2026-05-03 06:44:42,17,0.9417,0.9000,0.9967,0.9833
2026-05-03 06:45:03,18,0.8833,0.8000,0.9800,0.8685
2026-05-03 06:45:19,19,0.9417,0.9000,0.9900,0.9625
2026-05-03 06:45:36,20,0.8833,0.8000,0.9833,0.9310
2026-05-03 06:45:52,21,0.9417,0.9000,0.9850,0.9526
2026-05-03 06:46:08,22,0.8250,0.7000,0.9717,0.8846
2026-05-03 06:46:25,23,0.8833,0.8000,0.9633,0.9049
2026-05-03 06:46:49,24,0.8833,0.8000,0.9700,0.9026
2026-05-03 06:47:09,25,1.0000,1.0000,1.0000,1.0000
2026-05-03 06:47:23,26,0.9417,0.9000,0.9983,0.9909
2026-05-03 06:47:45,27,0.9417,0.9000,0.9900,0.9625
2026-05-03 06:48:03,28,0.8833,0.8000,0.9467,0.8745
2026-05-03 06:48:21,29,0.9417,0.9000,0.9967,0.9833
2026-05-03 06:48:39,30,0.8833,0.8000,0.9783,0.9219
2026-05-03 06:49:01,31,0.9417,0.9000,0.9983,0.9909
2026-05-03 06:49:14,32,1.0000,1.0000,1.0000,1.0000
2026-05-03 06:49:30,33,0.8833,0.8000,0.9667,0.9120
2026-05-03 06:49:51,34,0.8833,0.8000,0.9733,0.8322
2026-05-03 06:50:10,35,0.8250,0.7000,0.9600,0.8404
2026-05-03 06:50:25,36,0.9417,0.9000,0.9817,0.9476
2026-05-03 06:50:49,37,0.9417,0.9000,0.9917,0.9614
2026-05-03 06:51:09,38,0.9417,0.9000,0.9800,0.9376
2026-05-03 06:51:26,39,0.9417,0.9000,0.9800,0.9455
2026-05-03 06:51:42,40,0.9417,0.9000,0.9933,0.9714
2026-05-03 06:51:59,41,0.8833,0.8000,0.9817,0.9344
2026-05-03 06:52:18,42,0.8833,0.8000,0.9633,0.8604
2026-05-03 06:52:34,43,0.9417,0.9000,0.9917,0.9667
2026-05-03 06:52:57,44,0.7083,0.5000,0.9117,0.6201
2026-05-03 06:53:13,45,0.9417,0.9000,0.9917,0.9614
2026-05-03 06:53:29,46,0.8833,0.8000,0.9783,0.9219
2026-05-03 06:53:46,47,0.9417,0.9000,0.9950,0.9769
2026-05-03 06:54:07,48,0.8833,0.8000,0.9600,0.9030
2026-05-03 06:54:23,49,0.9417,0.9000,0.9983,0.9909
2026-05-03 06:54:43,50,0.9417,0.9000,0.9983,0.9909
2026-05-03 06:55:02,51,0.8833,0.8000,0.9933,0.9652
2026-05-03 06:55:18,52,1.0000,1.0000,1.0000,1.0000
2026-05-03 06:55:34,53,0.9417,0.9000,0.9983,0.9909
2026-05-03 06:55:54,54,0.8833,0.8000,0.9767,0.9169
2026-05-03 06:56:11,55,0.8833,0.8000,0.9700,0.9150
2026-05-03 06:56:31,56,0.8833,0.8000,0.9783,0.9219
2026-05-03 06:56:52,57,0.9417,0.9000,0.9950,0.9698
2026-05-03 06:57:11,58,0.9417,0.9000,0.9883,0.9588
2026-05-03 06:57:27,59,0.9417,0.9000,0.9867,0.9556
2026-05-03 06:57:46,60,0.8250,0.7000,0.9800,0.9009
2026-05-03 06:58:03,61,0.8833,0.8000,0.9667,0.8148
2026-05-03 06:58:16,62,0.8250,0.7000,0.9450,0.7813
2026-05-03 06:58:38,63,0.8833,0.8000,0.9733,0.9089
2026-05-03 06:58:59,64,0.9417,0.9000,0.9883,0.9063
2026-05-03 06:59:17,65,0.8833,0.8000,0.9733,0.8992
2026-05-03 06:59:33,66,0.8833,0.8000,0.9750,0.9205
2026-05-03 06:59:54,67,0.8250,0.7000,0.9350,0.8304
2026-05-03 07:00:11,68,0.7667,0.6000,0.9200,0.7350
2026-05-03 07:00:27,69,1.0000,1.0000,1.0000,1.0000
2026-05-03 07:00:48,70,0.9417,0.9000,0.9833,0.9344
2026-05-03 07:01:06,71,0.9417,0.9000,0.9933,0.9669
2026-05-03 07:01:22,72,0.8833,0.8000,0.9650,0.9107
2026-05-03 07:01:41,73,0.9417,0.9000,0.9850,0.9456
2026-05-03 07:02:00,74,0.9417,0.9000,0.9850,0.9456
2026-05-03 07:02:18,75,0.9417,0.9000,0.9800,0.9455
2026-05-03 07:02:37,76,0.9417,0.9000,0.9817,0.9400
2026-05-03 07:02:59,77,0.8833,0.8000,0.9717,0.8968
2026-05-03 07:03:16,78,0.8250,0.7000,0.9467,0.5847
2026-05-03 07:03:33,79,0.5917,0.3000,0.8317,0.5372
2026-05-03 07:03:51,80,0.8250,0.7000,0.9517,0.7383
2026-05-03 07:04:05,81,0.9417,0.9000,0.9767,0.9417
2026-05-03 07:04:17,82,0.9417,0.9000,0.9983,0.9909
2026-05-03 07:04:33,83,0.9417,0.9000,0.9933,0.9714
2026-05-03 07:04:58,84,1.0000,1.0000,1.0000,1.0000
2026-05-03 07:05:15,85,0.9417,0.9000,0.9983,0.9909
2026-05-03 07:05:31,86,1.0000,1.0000,1.0000,1.0000
2026-05-03 07:05:52,87,0.8833,0.8000,0.9867,0.9417
2026-05-03 07:06:11,88,0.9417,0.9000,0.9617,0.9303
2026-05-03 07:06:26,89,0.9417,0.9000,0.9833,0.9426
2026-05-03 07:06:49,90,0.9417,0.9000,0.9933,0.9714
2026-05-03 07:07:05,91,0.9417,0.9000,0.9950,0.9769
2026-05-03 07:07:19,92,0.9417,0.9000,0.9967,0.9833
2026-05-03 07:07:38,93,0.8833,0.8000,0.9900,0.9532
2026-05-03 07:07:59,94,0.8833,0.8000,0.9917,0.9587
2026-05-03 07:08:14,95,0.9417,0.9000,0.9983,0.9909
2026-05-03 07:08:31,96,0.9417,0.9000,0.9950,0.9698
2026-05-03 07:08:50,97,0.8250,0.7000,0.9650,0.8633
2026-05-03 07:09:10,98,0.9417,0.9000,0.9950,0.9769
2026-05-03 07:09:27,99,0.9417,0.9000,0.9533,0.9263
2026-05-03 07:09:44,100,0.9417,0.9000,0.9850,0.9526
2026-05-03 07:10:03,101,0.9417,0.9000,0.9850,0.9526
2026-05-03 07:10:16,102,1.0000,1.0000,1.0000,1.0000
2026-05-03 07:10:32,103,0.9417,0.9000,0.9917,0.9667
2026-05-03 07:10:50,104,0.9417,0.9000,0.9900,0.9625
2026-05-03 07:11:08,105,0.9417,0.9000,0.9750,0.9400
2026-05-03 07:11:21,106,0.8833,0.8000,0.9833,0.9310
2026-05-03 07:11:38,107,0.9417,0.9000,0.9883,0.9525
2026-05-03 07:11:58,108,0.9417,0.9000,0.9950,0.9733
2026-05-03 07:12:16,109,0.9417,0.9000,0.9967,0.9833
2026-05-03 07:12:32,110,0.8250,0.7000,0.9550,0.8310
2026-05-03 07:12:52,111,0.9417,0.9000,0.9917,0.9614
2026-05-03 07:13:11,112,0.8833,0.8000,0.9900,0.9476
2026-05-03 07:13:26,113,0.9417,0.9000,0.9983,0.9909
2026-05-03 07:13:44,114,0.8833,0.8000,0.9867,0.9407
2026-05-03 07:14:04,115,0.9417,0.9000,0.9767,0.9417
2026-05-03 07:14:20,116,0.8833,0.8000,0.9750,0.9143
2026-05-03 07:14:37,117,0.8833,0.8000,0.9700,0.9109
2026-05-03 07:15:01,118,0.8833,0.8000,0.9733,0.9235
2026-05-03 07:15:16,119,0.9417,0.9000,0.9817,0.9476
2026-05-03 07:15:35,120,0.9417,0.9000,0.9850,0.9526
2026-05-03 07:15:55,121,0.8250,0.7000,0.9333,0.7755
2026-05-03 07:16:10,122,0.8833,0.8000,0.9883,0.9485
2026-05-03 07:16:28,123,1.0000,1.0000,1.0000,1.0000
2026-05-03 07:16:52,124,0.9417,0.9000,0.9833,0.9500
2026-05-03 07:17:12,125,0.9417,0.9000,0.9917,0.9667
2026-05-03 07:17:31,126,0.8833,0.8000,0.9933,0.9652
2026-05-03 07:17:52,127,0.8250,0.7000,0.9500,0.7403
2026-05-03 07:18:09,128,0.9417,0.9000,0.9967,0.9809
2026-05-03 07:18:26,129,0.8250,0.7000,0.9450,0.7564
2026-05-03 07:18:43,130,0.9417,0.9000,0.9900,0.9503
2026-05-03 07:19:04,131,0.8833,0.8000,0.9867,0.9407
2026-05-03 07:19:18,132,0.9417,0.9000,0.9967,0.9833
2026-05-03 07:19:35,133,1.0000,1.0000,1.0000,1.0000
2026-05-03 07:19:56,134,0.8833,0.8000,0.9933,0.9652
2026-05-03 07:20:11,135,0.9417,0.9000,0.9967,0.9833
2026-05-03 07:20:26,136,0.9417,0.9000,0.9833,0.9426
2026-05-03 07:20:48,137,0.8250,0.7000,0.9183,0.7881
2026-05-03 07:21:06,138,0.9417,0.9000,0.9950,0.9733
2026-05-03 07:21:25,139,0.8833,0.8000,0.9633,0.8928
2026-05-03 07:21:46,140,0.9417,0.9000,0.9900,0.9625
2026-05-03 07:22:04,141,0.9417,0.9000,0.9983,0.9909
2026-05-03 07:22:22,142,0.8250,0.7000,0.9833,0.9192
2026-05-03 07:22:40,143,0.8833,0.8000,0.9833,0.9374
2026-05-03 07:22:59,144,0.9417,0.9000,0.9700,0.9357
2026-05-03 07:23:14,145,0.9417,0.9000,0.9883,0.9063
2026-05-03 07:23:30,146,0.9417,0.9000,0.9717,0.9189
2026-05-03 07:23:49,147,0.9417,0.9000,0.9750,0.9317
2026-05-03 07:24:07,148,0.8833,0.8000,0.9333,0.8963
2026-05-03 07:24:24,149,0.9417,0.9000,0.9700,0.9270
2026-05-03 07:24:45,150,0.9417,0.9000,0.9917,0.9667
2026-05-03 07:25:06,151,0.9417,0.9000,0.9950,0.9733
2026-05-03 07:25:22,152,0.9417,0.9000,0.9750,0.9224
2026-05-03 07:25:42,153,0.9417,0.9000,0.9917,0.9667
2026-05-03 07:26:02,154,0.8833,0.8000,0.9367,0.8779
2026-05-03 07:26:17,155,0.8833,0.8000,0.9900,0.9532
2026-05-03 07:26:40,156,0.9417,0.9000,0.9933,0.9573
2026-05-03 07:27:01,157,0.9417,0.9000,0.9933,0.9669
2026-05-03 07:27:14,158,0.9417,0.9000,0.9950,0.9769
2026-05-03 07:27:30,159,0.7667,0.6000,0.9283,0.7415
2026-05-03 07:27:50,160,0.8833,0.8000,0.9867,0.9417
2026-05-03 07:28:08,161,0.9417,0.9000,0.9683,0.9345
2026-05-03 07:28:22,162,1.0000,1.0000,1.0000,1.0000
2026-05-03 07:28:45,163,0.9417,0.9000,0.9867,0.9556
2026-05-03 07:29:02,164,0.8833,0.8000,0.9400,0.8693
2026-05-03 07:29:18,165,0.8833,0.8000,0.9667,0.8997
2026-05-03 07:29:40,166,0.9417,0.9000,0.9783,0.9435
2026-05-03 07:30:00,167,0.9417,0.9000,0.9900,0.9567
2026-05-03 07:30:15,168,0.8250,0.7000,0.9733,0.8602
2026-05-03 07:30:33,169,1.0000,1.0000,1.0000,1.0000
2026-05-03 07:30:55,170,0.9417,0.9000,0.9867,0.9556
2026-05-03 07:31:12,171,0.9417,0.9000,0.9950,0.9769
2026-05-03 07:31:29,172,0.9417,0.9000,0.9833,0.9500
2026-05-03 07:31:47,173,0.8833,0.8000,0.9833,0.9338
2026-05-03 07:32:06,174,0.8833,0.8000,0.9867,0.9407
2026-05-03 07:32:25,175,0.6500,0.4000,0.8333,0.5678
2026-05-03 07:32:42,176,0.9417,0.9000,0.9917,0.9614
2026-05-03 07:33:05,177,0.9417,0.9000,0.9567,0.9278
2026-05-03 07:33:20,178,0.9417,0.9000,0.9867,0.9556
2026-05-03 07:33:36,179,0.9417,0.9000,0.9967,0.9809
2026-05-03 07:33:55,180,1.0000,1.0000,1.0000,1.0000
2026-05-03 07:34:13,181,0.8833,0.8000,0.9767,0.9048
2026-05-03 07:34:29,182,0.6500,0.4000,0.8100,0.4775
2026-05-03 07:34:53,183,0.9417,0.9000,0.9733,0.9385
2026-05-03 07:35:09,184,0.8833,0.8000,0.9783,0.9207
2026-05-03 07:35:25,185,0.9417,0.9000,0.9967,0.9809
2026-05-03 07:35:45,186,1.0000,1.0000,1.0000,1.0000
2026-05-03 07:36:04,187,0.8833,0.8000,0.9567,0.9005
2026-05-03 07:36:21,188,0.9417,0.9000,0.9800,0.9455
2026-05-03 07:36:41,189,0.9417,0.9000,0.9883,0.9588
2026-05-03 07:37:02,190,0.9417,0.9000,0.9900,0.9567
2026-05-03 07:37:19,191,0.8833,0.8000,0.9900,0.9519
2026-05-03 07:37:38,192,0.9417,0.9000,0.9717,0.9370
2026-05-03 07:37:55,193,0.8833,0.8000,0.9850,0.9359
2026-05-03 07:38:11,194,0.8833,0.8000,0.9867,0.9407
2026-05-03 07:38:30,195,1.0000,1.0000,1.0000,1.0000
2026-05-03 07:38:49,196,0.9417,0.9000,0.9967,0.9833
2026-05-03 07:39:07,197,0.9417,0.9000,0.9667,0.9333
2026-05-03 07:39:26,198,0.9417,0.9000,0.9933,0.9714
2026-05-03 07:39:45,199,0.9417,0.9000,0.9833,0.9500
2026-05-03 07:40:04,200,0.9417,0.9000,0.9950,0.9698
2026-05-03 07:40:19,201,0.7667,0.6000,0.9250,0.6344
2026-05-03 07:40:38,202,0.7667,0.6000,0.9217,0.6837
2026-05-03 07:40:59,203,0.9417,0.9000,0.9900,0.9625
2026-05-03 07:41:14,204,0.9417,0.9000,0.9933,0.9714
2026-05-03 07:41:29,205,0.9417,0.9000,0.9983,0.9909
2026-05-03 07:41:49,206,0.8250,0.7000,0.9533,0.8150
2026-05-03 07:42:05,207,0.7083,0.5000,0.9400,0.7321
2026-05-03 07:42:19,208,0.9417,0.9000,0.9883,0.9588
2026-05-03 07:42:37,209,0.9417,0.9000,0.9933,0.9573
2026-05-03 07:43:00,210,0.8833,0.8000,0.9667,0.8976
2026-05-03 07:43:17,211,0.7083,0.5000,0.9000,0.6243
2026-05-03 07:43:35,212,0.8250,0.7000,0.9300,0.8307
2026-05-03 07:43:56,213,0.8833,0.8000,0.9833,0.9338
2026-05-03 07:44:13,214,0.9417,0.9000,0.9667,0.9245
2026-05-03 07:44:31,215,0.9417,0.9000,0.9800,0.9376
2026-05-03 07:44:55,216,1.0000,1.0000,1.0000,1.0000
2026-05-03 07:45:11,217,0.7083,0.5000,0.9033,0.6202
2026-05-03 07:45:27,218,0.9417,0.9000,0.9850,0.9526
2026-05-03 07:45:47,219,0.8833,0.8000,0.9650,0.8950
2026-05-03 07:46:03,220,0.8833,0.8000,0.9900,0.9532
2026-05-03 07:46:20,221,0.8833,0.8000,0.9900,0.9519
2026-05-03 07:46:44,222,0.8833,0.8000,0.9850,0.9406
2026-05-03 07:47:05,223,0.9417,0.9000,0.9917,0.9614
2026-05-03 07:47:19,224,1.0000,1.0000,1.0000,1.0000
2026-05-03 07:47:38,225,0.9417,0.9000,0.9933,0.9714
2026-05-03 07:47:58,226,0.9417,0.9000,0.9783,0.9355
2026-05-03 07:48:18,227,0.8833,0.8000,0.9417,0.8703
2026-05-03 07:48:40,228,0.9417,0.9000,0.9533,0.9263
2026-05-03 07:49:01,229,0.9417,0.9000,0.9983,0.9909
2026-05-03 07:49:21,230,0.9417,0.9000,0.9817,0.9400
2026-05-03 07:49:42,231,0.7667,0.6000,0.9267,0.5761
2026-05-03 07:50:03,232,0.8833,0.8000,0.9417,0.8714
2026-05-03 07:50:18,233,0.8833,0.8000,0.9800,0.9169
2026-05-03 07:50:40,234,1.0000,1.0000,1.0000,1.0000
2026-05-03 07:51:03,235,0.9417,0.9000,0.9883,0.9588
2026-05-03 07:51:20,236,0.7667,0.6000,0.9400,0.7234
2026-05-03 07:51:38,237,0.9417,0.9000,0.9933,0.9669
2026-05-03 07:51:59,238,0.8833,0.8000,0.9567,0.8858
2026-05-03 07:52:15,239,0.8250,0.7000,0.9283,0.8237
2026-05-03 07:52:31,240,0.9417,0.9000,0.9917,0.9614
2026-05-03 07:52:57,241,0.9417,0.9000,0.9833,0.9426
2026-05-03 07:53:15,242,0.8833,0.8000,0.9633,0.8962
2026-05-03 07:53:32,243,0.8833,0.8000,0.9750,0.9040
2026-05-03 07:53:51,244,0.9417,0.9000,0.9967,0.9833
2026-05-03 07:54:05,245,0.9417,0.9000,0.9850,0.9526
2026-05-03 07:54:21,246,0.9417,0.9000,0.9850,0.9526
2026-05-03 07:54:44,247,0.9417,0.9000,0.9883,0.9588
2026-05-03 07:55:04,248,0.9417,0.9000,0.9983,0.9909
2026-05-03 07:55:22,249,0.9417,0.9000,0.9683,0.9345
2026-05-03 07:55:40,250,0.9417,0.9000,0.9967,0.9833
2026-05-03 07:56:00,251,0.9417,0.9000,0.9883,0.9588
2026-05-03 07:56:15,252,0.9417,0.9000,0.9917,0.9667
2026-05-03 07:56:35,253,0.8833,0.8000,0.9817,0.9159
2026-05-03 07:56:55,254,0.8833,0.8000,0.9800,0.9276
2026-05-03 07:57:10,255,1.0000,1.0000,1.0000,1.0000
2026-05-03 07:57:23,256,0.8833,0.8000,0.9717,0.9218
2026-05-03 07:57:41,257,0.8833,0.8000,0.9467,0.8662
2026-05-03 07:57:59,258,0.9417,0.9000,0.9950,0.9733
2026-05-03 07:58:16,259,0.9417,0.9000,0.9950,0.9769
2026-05-03 07:58:33,260,0.8833,0.8000,0.9700,0.9055
2026-05-03 07:58:57,261,0.9417,0.9000,0.9983,0.9909
2026-05-03 07:59:15,262,0.8833,0.8000,0.9600,0.8762
2026-05-03 07:59:34,263,0.9417,0.9000,0.9950,0.9733
2026-05-03 07:59:53,264,0.9417,0.9000,0.9967,0.9833
2026-05-03 08:00:12,265,0.9417,0.9000,0.9917,0.9558
2026-05-03 08:00:32,266,0.8833,0.8000,0.9667,0.8984
2026-05-03 08:00:57,267,0.8833,0.8000,0.9850,0.9406
2026-05-03 08:01:15,268,0.8833,0.8000,0.9500,0.8613
2026-05-03 08:01:32,269,0.7667,0.6000,0.9283,0.7131
2026-05-03 08:01:50,270,0.8833,0.8000,0.9667,0.8976
2026-05-03 08:02:07,271,0.8833,0.8000,0.9917,0.9540
2026-05-03 08:02:25,272,0.9417,0.9000,0.9550,0.9178
2026-05-03 08:02:49,273,0.9417,0.9000,0.9950,0.9769
2026-05-03 08:03:07,274,0.9417,0.9000,0.9633,0.9313
2026-05-03 08:03:23,275,0.8250,0.7000,0.9633,0.8373
2026-05-03 08:03:40,276,0.8833,0.8000,0.9417,0.8856
2026-05-03 08:03:59,277,0.8833,0.8000,0.9433,0.8717
2026-05-03 08:04:16,278,0.9417,0.9000,0.9733,0.9300
2026-05-03 08:04:32,279,0.9417,0.9000,0.9967,0.9833
2026-05-03 08:04:52,280,0.9417,0.9000,0.9983,0.9909
2026-05-03 08:05:10,281,0.8833,0.8000,0.9867,0.9407
2026-05-03 08:05:26,282,0.9417,0.9000,0.9983,0.9909
2026-05-03 08:05:50,283,0.7667,0.6000,0.8750,0.5553
2026-05-03 08:06:07,284,0.9417,0.9000,0.9817,0.9476
2026-05-03 08:06:20,285,0.9417,0.9000,0.9800,0.9455
2026-05-03 08:06:43,286,0.8250,0.7000,0.9667,0.8637
2026-05-03 08:07:07,287,1.0000,1.0000,1.0000,1.0000
2026-05-03 08:07:27,288,0.9417,0.9000,0.9950,0.9769
2026-05-03 08:07:46,289,0.8833,0.8000,0.9567,0.8844
2026-05-03 08:08:10,290,0.9417,0.9000,0.9800,0.8779
2026-05-03 08:08:29,291,1.0000,1.0000,1.0000,1.0000
2026-05-03 08:08:53,292,0.8833,0.8000,0.9850,0.9295
2026-05-03 08:09:10,293,0.9417,0.9000,0.9883,0.9525
2026-05-03 08:09:25,294,0.8250,0.7000,0.9750,0.8975
2026-05-03 08:09:47,295,0.8833,0.8000,0.9617,0.8664
2026-05-03 08:10:04,296,0.9417,0.9000,0.9833,0.9500
2026-05-03 08:10:19,297,0.9417,0.9000,0.9800,0.9455
2026-05-03 08:10:41,298,0.8833,0.8000,0.9900,0.9532
2026-05-03 08:11:02,299,0.8833,0.8000,0.9583,0.8885
2026-05-03 08:11:17,300,0.9417,0.9000,0.9950,0.9733
2026-05-03 08:11:32,301,0.9417,0.9000,0.9850,0.9526
2026-05-03 08:11:54,302,0.9417,0.9000,0.9950,0.9769
2026-05-03 08:12:09,303,0.8833,0.8000,0.9517,0.9088
2026-05-03 08:12:26,304,0.9417,0.9000,0.9967,0.9833
2026-05-03 08:12:46,305,1.0000,1.0000,1.0000,1.0000
2026-05-03 08:13:05,306,0.9417,0.9000,0.9917,0.9558
2026-05-03 08:13:22,307,0.8833,0.8000,0.9700,0.7952
2026-05-03 08:13:40,308,0.8833,0.8000,0.9583,0.8128
2026-05-03 08:14:01,309,0.8250,0.7000,0.8900,0.7256
2026-05-03 08:14:33,310,0.8833,0.8000,0.9600,0.8890
2026-05-03 08:15:23,311,0.9417,0.9000,0.9867,0.9488
2026-05-03 08:16:13,312,0.8833,0.8000,0.9417,0.8605
2026-05-03 08:17:01,313,0.9417,0.9000,0.9967,0.9809
2026-05-03 08:17:48,314,0.9417,0.9000,0.9967,0.9833
2026-05-03 08:18:43,315,0.9417,0.9000,0.9867,0.9556
2026-05-03 08:19:31,316,0.8833,0.8000,0.9500,0.8826
2026-05-03 08:20:18,317,1.0000,1.0000,1.0000,1.0000
2026-05-03 08:21:07,318,0.8833,0.8000,0.9600,0.8890
2026-05-03 08:22:06,319,1.0000,1.0000,1.0000,1.0000
2026-05-03 08:23:03,320,0.9417,0.9000,0.9633,0.9313
2026-05-03 08:23:49,321,0.8833,0.8000,0.9483,0.8766
2026-05-03 08:24:44,322,0.8250,0.7000,0.9667,0.8825
2026-05-03 08:25:30,323,0.9417,0.9000,0.9783,0.9435
2026-05-03 08:26:19,324,0.9417,0.9000,0.9900,0.9567
2026-05-03 08:27:06,325,0.8833,0.8000,0.9617,0.9083
2026-05-03 08:28:07,326,0.9417,0.9000,0.9733,0.9385
2026-05-03 08:29:00,327,0.9417,0.9000,0.9967,0.9809
2026-05-03 08:29:49,328,0.8833,0.8000,0.9550,0.8752
2026-05-03 08:30:34,329,0.8250,0.7000,0.9633,0.8561
2026-05-03 08:31:27,330,0.8250,0.7000,0.9450,0.7895
2026-05-03 08:32:22,331,0.9417,0.9000,0.9900,0.9625
2026-05-03 08:33:22,332,0.9417,0.9000,0.9917,0.9667
2026-05-03 08:34:16,333,0.9417,0.9000,0.9733,0.9206
2026-05-03 08:35:09,334,0.8833,0.8000,0.9733,0.9015
2026-05-03 08:36:09,335,0.8833,0.8000,0.9517,0.8582
2026-05-03 08:37:00,336,1.0000,1.0000,1.0000,1.0000
2026-05-03 08:37:54,337,0.9417,0.9000,0.9783,0.9355
2026-05-03 08:38:47,338,0.8833,0.8000,0.9933,0.9652
2026-05-03 08:39:48,339,0.8833,0.8000,0.9417,0.8800
2026-05-03 08:40:36,340,0.8833,0.8000,0.9833,0.9264
2026-05-03 08:41:41,341,0.8833,0.8000,0.9617,0.8929
2026-05-03 08:42:37,342,0.9417,0.9000,0.9983,0.9909
2026-05-03 08:43:14,343,0.8250,0.7000,0.9183,0.7934
2026-05-03 08:44:06,344,0.8250,0.7000,0.9633,0.8466
2026-05-03 08:45:07,345,0.9417,0.9000,0.9950,0.9769
2026-05-03 08:45:52,346,0.9417,0.9000,0.9967,0.9833
2026-05-03 08:46:43,347,0.9417,0.9000,0.9850,0.9456
2026-05-03 08:47:34,348,0.9417,0.9000,0.9783,0.9355
2026-05-03 08:48:22,349,0.8250,0.7000,0.9533,0.8298
2026-05-03 08:49:07,350,0.9417,0.9000,0.9950,0.9769
2026-05-03 08:50:04,351,0.9417,0.9000,0.9967,0.9833
2026-05-03 08:50:52,352,0.8833,0.8000,0.9733,0.9085
2026-05-03 08:51:45,353,0.8833,0.8000,0.9600,0.9073
2026-05-03 08:52:46,354,0.9417,0.9000,0.9883,0.9525
2026-05-03 08:53:43,355,1.0000,1.0000,1.0000,1.0000
2026-05-03 08:54:31,356,0.9417,0.9000,0.9917,0.9667
2026-05-03 08:55:20,357,0.9417,0.9000,0.9783,0.9355
2026-05-03 08:56:13,358,0.9417,0.9000,0.9950,0.9698
2026-05-03 08:56:56,359,0.9417,0.9000,0.9967,0.9833
2026-05-03 08:58:00,360,0.9417,0.9000,0.9933,0.9622
2026-05-03 08:59:00,361,0.8833,0.8000,0.9433,0.8488
2026-05-03 08:59:16,362,0.8833,0.8000,0.9517,0.8978
2026-05-03 08:59:34,363,0.9417,0.9000,0.9950,0.9769
2026-05-03 08:59:53,364,0.9417,0.9000,0.9950,0.9769
2026-05-03 09:00:09,365,0.8833,0.8000,0.9917,0.9587
2026-05-03 09:00:26,366,0.9417,0.9000,0.9850,0.9456
2026-05-03 09:00:46,367,0.9417,0.9000,0.9917,0.9667
2026-05-03 09:01:06,368,0.8250,0.7000,0.9383,0.7945
2026-05-03 09:01:23,369,0.8250,0.7000,0.9183,0.7956
2026-05-03 09:01:42,370,0.9417,0.9000,0.9967,0.9809
2026-05-03 09:02:05,371,0.8250,0.7000,0.8733,0.7389
2026-05-03 09:02:35,372,1.0000,1.0000,1.0000,1.0000
2026-05-03 09:03:21,373,0.9417,0.9000,0.9883,0.9525
2026-05-03 09:04:03,374,0.9417,0.9000,0.9867,0.9556
2026-05-03 09:04:56,375,0.7667,0.6000,0.8883,0.6493
2026-05-03 09:05:53,376,0.7083,0.5000,0.9300,0.6785
2026-05-03 09:06:38,377,0.9417,0.9000,0.9733,0.9385
2026-05-03 09:07:34,378,0.9417,0.9000,0.9750,0.9317
2026-05-03 09:08:20,379,0.9417,0.9000,0.9983,0.9909
2026-05-03 09:09:11,380,0.9417,0.9000,0.9833,0.9426
2026-05-03 09:10:04,381,0.9417,0.9000,0.9967,0.9809
2026-05-03 09:11:01,382,0.8833,0.8000,0.9817,0.9306
2026-05-03 09:11:56,383,0.8833,0.8000,0.9800,0.9233
2026-05-03 09:12:49,384,0.9417,0.9000,0.9683,0.8589
2026-05-03 09:13:39,385,0.9417,0.9000,0.9967,0.9809
2026-05-03 09:14:32,386,1.0000,1.0000,1.0000,1.0000
2026-05-03 09:15:31,387,0.9417,0.9000,0.9750,0.9400
2026-05-03 09:16:26,388,0.9417,0.9000,0.9750,0.9400
2026-05-03 09:17:18,389,0.8833,0.8000,0.9400,0.8111
2026-05-03 09:18:07,390,0.9417,0.9000,0.9950,0.9733
2026-05-03 09:18:58,391,0.8833,0.8000,0.9900,0.9519
2026-05-03 09:19:49,392,0.9417,0.9000,0.9967,0.9833
2026-05-03 09:20:36,393,0.9417,0.9000,0.9967,0.9809
2026-05-03 09:21:40,394,0.8833,0.8000,0.9867,0.9407
2026-05-03 09:22:34,395,0.8833,0.8000,0.9350,0.7898
2026-05-03 09:23:32,396,0.9417,0.9000,0.9983,0.9909
2026-05-03 09:24:24,397,0.8833,0.8000,0.9500,0.8459
2026-05-03 09:25:07,398,0.9417,0.9000,0.9967,0.9809
2026-05-03 09:26:00,399,0.8833,0.8000,0.9167,0.6816
2026-05-03 09:26:48,400,0.9417,0.9000,0.9983,0.9909
2026-05-03 09:27:41,401,0.9417,0.9000,0.9867,0.9488
2026-05-03 09:28:32,402,0.8833,0.8000,0.9800,0.9225
2026-05-03 09:29:30,403,0.8250,0.7000,0.9200,0.7632
2026-05-03 09:30:17,404,0.8833,0.8000,0.9350,0.8555
2026-05-03 09:31:07,405,1.0000,1.0000,1.0000,1.0000
2026-05-03 09:31:54,406,0.8833,0.8000,0.9317,0.8298
2026-05-03 09:32:47,407,0.9417,0.9000,0.9967,0.9833
2026-05-03 09:33:36,408,0.8833,0.8000,0.9900,0.9532
2026-05-03 09:34:24,409,0.9417,0.9000,0.9883,0.9588
2026-05-03 09:35:23,410,0.9417,0.9000,0.9617,0.9303
2026-05-03 09:36:10,411,0.8833,0.8000,0.9717,0.9008
2026-05-03 09:37:02,412,0.9417,0.9000,0.9967,0.9833
2026-05-03 09:37:54,413,0.7083,0.5000,0.8283,0.4052
2026-05-03 09:38:50,414,0.8833,0.8000,0.9817,0.9198
2026-05-03 09:39:46,415,0.8833,0.8000,0.9417,0.8642
2026-05-03 09:40:33,416,0.9417,0.9000,0.9800,0.9376
2026-05-03 09:41:24,417,0.8833,0.8000,0.9683,0.9092
2026-05-03 09:42:20,418,0.9417,0.9000,0.9967,0.9833
2026-05-03 09:43:11,419,0.8833,0.8000,0.9783,0.9219
2026-05-03 09:44:01,420,0.7667,0.6000,0.9533,0.7963
2026-05-03 09:44:49,421,0.8833,0.8000,0.9867,0.9208
2026-05-03 09:45:40,422,0.9417,0.9000,0.9900,0.9503
2026-05-03 09:46:31,423,0.9417,0.9000,0.9967,0.9809
2026-05-03 09:47:24,424,0.9417,0.9000,0.9850,0.9526
2026-05-03 09:48:00,425,0.9417,0.9000,0.9917,0.9667
2026-05-03 09:48:20,426,0.9417,0.9000,0.9867,0.9414
2026-05-03 09:48:37,427,0.9417,0.9000,0.9883,0.9588
2026-05-03 09:48:54,428,0.9417,0.9000,0.9950,0.9769
2026-05-03 09:49:14,429,0.9417,0.9000,0.9933,0.9714
2026-05-03 09:49:33,430,0.8833,0.8000,0.9667,0.9077
2026-05-03 09:49:54,431,0.9417,0.9000,0.9967,0.9809
2026-05-03 09:50:11,432,0.8833,0.8000,0.9533,0.8912
2026-05-03 09:50:29,433,0.9417,0.9000,0.9950,0.9769
2026-05-03 09:50:51,434,1.0000,1.0000,1.0000,1.0000
2026-05-03 09:51:12,435,0.8833,0.8000,0.9233,0.8596
2026-05-03 09:51:29,436,0.9417,0.9000,0.9967,0.9809
2026-05-03 09:51:49,437,0.8250,0.7000,0.9667,0.8183
2026-05-03 09:52:04,438,0.8250,0.7000,0.9800,0.9102
2026-05-03 09:52:21,439,0.9417,0.9000,0.9950,0.9769
2026-05-03 09:52:45,440,0.8833,0.8000,0.9517,0.9088
2026-05-03 09:53:05,441,0.8833,0.8000,0.9400,0.8610
2026-05-03 09:53:22,442,0.8833,0.8000,0.9517,0.8629
2026-05-03 09:53:42,443,0.9417,0.9000,0.9733,0.9385
2026-05-03 09:54:00,444,0.9417,0.9000,0.9817,0.9476
2026-05-03 09:54:18,445,0.9417,0.9000,0.9783,0.9435
2026-05-03 09:54:35,446,0.8833,0.8000,0.9517,0.8608
2026-05-03 09:54:56,447,0.9417,0.9000,0.9983,0.9909
2026-05-03 09:55:14,448,0.8250,0.7000,0.9033,0.7953
2026-05-03 09:55:33,449,0.9417,0.9000,0.9933,0.9622
2026-05-03 09:55:53,450,0.8833,0.8000,0.9817,0.9344
2026-05-03 09:56:11,451,0.9417,0.9000,0.9883,0.9588
2026-05-03 09:56:27,452,0.9417,0.9000,0.9950,0.9733
2026-05-03 09:56:51,453,0.8833,0.8000,0.9750,0.8939
2026-05-03 09:57:08,454,1.0000,1.0000,1.0000,1.0000
2026-05-03 09:57:24,455,0.9417,0.9000,0.9617,0.9303
2026-05-03 09:57:43,456,0.9417,0.9000,0.9917,0.9667
2026-05-03 09:57:59,457,0.9417,0.9000,0.9950,0.9769
2026-05-03 09:58:14,458,0.9417,0.9000,0.9683,0.9345
2026-05-03 09:58:33,459,0.8833,0.8000,0.9883,0.9464
2026-05-03 09:58:51,460,0.9417,0.9000,0.9833,0.9426
2026-05-03 09:59:08,461,0.8833,0.8000,0.9767,0.9151
2026-05-03 09:59:25,462,0.9417,0.9000,0.9967,0.9833
2026-05-03 09:59:46,463,1.0000,1.0000,1.0000,1.0000
2026-05-03 10:00:06,464,0.9417,0.9000,0.9900,0.9625
2026-05-03 10:00:22,465,0.9417,0.9000,0.9800,0.9455
2026-05-03 10:00:38,466,0.8833,0.8000,0.9900,0.9519
2026-05-03 10:00:53,467,0.9417,0.9000,0.9817,0.9400
2026-05-03 10:01:10,468,0.9417,0.9000,0.9683,0.9049
2026-05-03 10:01:32,469,0.8833,0.8000,0.9517,0.8250
2026-05-03 10:01:55,470,0.8833,0.8000,0.9717,0.9076
2026-05-03 10:02:14,471,0.8833,0.8000,0.9800,0.9276
2026-05-03 10:02:28,472,0.9417,0.9000,0.9817,0.9476
2026-05-03 10:02:49,473,0.9417,0.9000,0.9883,0.9588
2026-05-03 10:03:09,474,0.9417,0.9000,0.9850,0.9526
2026-05-03 10:03:28,475,0.9417,0.9000,0.9950,0.9733
2026-05-03 10:03:48,476,0.8833,0.8000,0.9783,0.8671
2026-05-03 10:04:05,477,0.9417,0.9000,0.9650,0.9134
2026-05-03 10:04:23,478,0.9417,0.9000,0.9933,0.9714
2026-05-03 10:04:45,479,0.9417,0.9000,0.9967,0.9833
2026-05-03 10:05:03,480,0.8833,0.8000,0.9883,0.9464
2026-05-03 10:05:20,481,0.9417,0.9000,0.9817,0.9400
2026-05-03 10:05:41,482,0.9417,0.9000,0.9983,0.9909
2026-05-03 10:06:00,483,0.8250,0.7000,0.9717,0.8790
2026-05-03 10:06:19,484,0.8833,0.8000,0.9750,0.9143
2026-05-03 10:06:41,485,0.8833,0.8000,0.9350,0.8158
2026-05-03 10:07:01,486,0.8833,0.8000,0.9083,0.8527
2026-05-03 10:07:17,487,1.0000,1.0000,1.0000,1.0000
2026-05-03 10:07:38,488,0.9417,0.9000,0.9933,0.9573
2026-05-03 10:07:59,489,0.9417,0.9000,0.9717,0.9285
2026-05-03 10:08:17,490,0.9417,0.9000,0.9967,0.9809
2026-05-03 10:08:33,491,0.9417,0.9000,0.9917,0.9614
2026-05-03 10:08:57,492,0.9417,0.9000,0.9950,0.9769
2026-05-03 10:09:17,493,0.7667,0.6000,0.9417,0.7697
2026-05-03 10:09:34,494,1.0000,1.0000,1.0000,1.0000
2026-05-03 10:09:52,495,0.8250,0.7000,0.9417,0.7578
2026-05-03 10:10:14,496,1.0000,1.0000,1.0000,1.0000
2026-05-03 10:10:42,497,0.9417,0.9000,0.9983,0.9909
2026-05-03 10:11:34,498,0.8833,0.8000,0.9633,0.8962
2026-05-03 10:12:23,499,0.8833,0.8000,0.9733,0.9100
2026-05-03 10:13:24,500,0.8833,0.8000,0.9767,0.9273

SUMMARY,Mean,Std Dev
F1 Macro,0.9110,0.0573
F1 Binary,0.8474,0.0983
AUC,0.9762,0.0261
AUPRC,0.9217,0.0823
