run,f1_score,roc_auc,auprc
1,0.0,0.18305084745762712,0.09608054075933822
2,0.6,0.9593220338983051,0.7359623709623708
3,0.0,0.15254237288135591,0.09242624361263571
4,0.0,0.08983050847457627,0.08732492933542481
5,0.0,0.18983050847457628,0.09648551686581688
6,0.0,0.12542372881355932,0.09147258252183077
7,0.0,0.19322033898305088,0.09622035808726326
8,0.0,0.19830508474576272,0.09694350446007702
9,0.0,0.19491525423728814,0.09608879802318461
10,0.0,0.14915254237288134,0.09280223496206322
11,0.0,0.18135593220338986,0.095021312249429
12,0.0,0.17966101694915254,0.0959136989098488
13,0.0,0.08305084745762711,0.08725911795382395
14,0.0,0.1711864406779661,0.09481026540526621
15,0.0,0.14576271186440679,0.09183164984672249
16,0.0,0.16779661016949154,0.09430852253989017
17,0.0,0.16440677966101697,0.09465889751718201
18,0.0,0.1423728813559322,0.09200685926863669
19,0.0,0.10847457627118645,0.08963291633868127
20,0.0,0.2,0.09743638117705139
21,0.0,0.10169491525423727,0.08860261797848681
22,0.0,0.09830508474576272,0.08852607825439283
23,0.0,0.17288135593220338,0.09389033336219679
24,0.0,0.15254237288135591,0.09334868324197189
25,0.0,0.10508474576271185,0.08982416942209581
26,0.0,0.22881355932203387,0.09947765705854816
27,0.0,0.12033898305084745,0.08985250581004989
28,0.0,0.1644067796610169,0.09376811413650174
29,0.0,0.13389830508474576,0.09232353735156276
30,0.0,0.11525423728813561,0.08909739549405377
31,0.0,0.2593220338983051,0.10306810177089248
32,0.0,0.12881355932203392,0.09079528482914266
33,0.0,0.18983050847457628,0.09524046193609034
34,0.0,0.2593220338983051,0.10342896606588217
35,0.0,0.22372881355932203,0.1000921310945553
36,0.0,0.16440677966101697,0.0945271740934407
37,0.0,0.07796610169491525,0.08706751967721743
38,0.0,0.12203389830508474,0.09036015602754201
39,0.0,0.17627118644067796,0.09484358433910384
40,0.0,0.18813559322033896,0.09579589978112105
41,0.0,0.14067796610169492,0.09314970947314158
42,0.0,0.23220338983050848,0.09982145330598331
43,0.0,0.18474576271186444,0.09573606847066117
44,0.0,0.1593220338983051,0.09276383105259646
45,0.0,0.15423728813559323,0.09199030759733023
46,0.0,0.1576271186440678,0.09300973391450262
47,0.0,0.11864406779661017,0.0908847687473513
48,0.0,0.10847457627118642,0.08968525001636923
49,0.0,0.14576271186440679,0.09375331906032117
50,0.0,0.19152542372881357,0.0955507058499798
51,0.0,0.19322033898305085,0.09581688434430044
52,0.0,0.11864406779661017,0.09046732558956813
53,0.0,0.12033898305084745,0.08972774448394388
54,0.0,0.19152542372881357,0.09646306686173542
55,0.0,0.1372881355932203,0.09109630061952559
56,0.0,0.19491525423728814,0.09653362525823304
57,0.0,0.1016949152542373,0.08940661761618669
58,0.0,0.13898305084745763,0.0914549948767333
59,0.0,0.13898305084745763,0.09162420534227658
60,0.0,0.25932203389830505,0.10377901143896265
61,0.0,0.14576271186440676,0.0925197896740676
62,0.0,0.10847457627118644,0.08950064012053296
63,0.0,0.20677966101694917,0.09758304023326746
64,0.0,0.16949152542372878,0.09410354836544427
65,0.0,0.19830508474576272,0.09696563317779558
66,0.0,0.22033898305084743,0.09856374675372491
67,0.0,0.1440677966101695,0.09301486736265241
68,0.0,0.15423728813559318,0.09299547530413249
69,0.0,0.24915254237288137,0.10186415945167254
70,0.0,0.111864406779661,0.09093573211372759
71,0.0,0.12711864406779663,0.09021796268434298
72,0.0,0.16610169491525423,0.09437802309944288
73,0.0,0.2,0.0969437127755291
74,0.0,0.20508474576271188,0.09692917475515692
75,0.0,0.13220338983050847,0.09100230067809825
76,0.0,0.1711864406779661,0.09430662373649304
77,0.0,0.20508474576271185,0.09839241820014491
78,0.0,0.05593220338983047,0.08617755858255655
79,0.0,0.14067796610169492,0.09191004305263706
80,0.0,0.1406779661016949,0.09258057379200754
81,0.0,0.10169491525423727,0.08905312344667726
82,0.0,0.21186440677966104,0.0978327977510553
83,0.0,0.12881355932203387,0.09117154277091294
84,0.0,0.14576271186440679,0.09174492267000899
85,0.0,0.16271186440677968,0.09288683296227407
86,0.0,0.16271186440677965,0.09397875977125172
87,0.0,0.12033898305084745,0.08966680689825682
88,0.0,0.23220338983050848,0.10068645335962523
89,0.0,0.2254237288135593,0.09905179369675188
90,0.0,0.111864406779661,0.0893072451650317
91,0.0,0.23559322033898306,0.1004054666669986
92,0.0,0.13050847457627118,0.09083614923273056
93,0.0,0.16779661016949152,0.09376361934427843
94,0.0,0.2559322033898305,0.10331881368153242
95,0.0,0.15762711864406778,0.09257809173746981
96,0.0,0.1694915254237288,0.09471539179629053
97,0.0,0.1711864406779661,0.09386265221179832
98,0.0,0.12033898305084743,0.09002149087229175
99,0.0,0.15084745762711863,0.09363875722316976
100,0.0,0.16440677966101697,0.09381752175698672
101,0.0,0.1847457627118644,0.09541853183468885
102,0.0,0.16779661016949152,0.09552925119089613
103,0.0,0.19152542372881354,0.09615710782671719
104,0.0,0.13050847457627118,0.0916380451102185
105,0.0,0.22033898305084745,0.0992011962450027
106,0.0,0.2627118644067797,0.10558533458395258
107,0.0,0.1559322033898305,0.09264208518195663
108,0.0,0.2169491525423729,0.0984202635849938
109,0.0,0.18813559322033901,0.0960801655740903
110,0.0,0.21355932203389832,0.09812062602094067
111,0.0,0.19322033898305083,0.09577375051001456
112,0.0,0.2406779661016949,0.1017749959209256
113,0.0,0.17796610169491525,0.09454298946819825
114,0.0,0.13898305084745763,0.09258933586641907
115,0.0,0.19322033898305085,0.09591306543037353
116,0.0,0.11016949152542371,0.09006272959075709
117,0.0,0.20508474576271188,0.09866107759720572
118,0.0,0.23559322033898306,0.10065452771191599
119,0.0,0.19491525423728812,0.09705463258824377
120,0.0,0.18644067796610167,0.09508677282244549
121,0.0,0.2338983050847458,0.10000234079419318
122,0.0,0.16610169491525423,0.0942558014683342
123,0.0,0.1322033898305085,0.0908637423006426
124,0.0,0.10847457627118642,0.08911881925092054
125,0.0,0.15254237288135594,0.09237022326281709
126,0.0,0.1711864406779661,0.09419391048287443
127,0.0,0.13220338983050847,0.09120910180471205
128,0.0,0.1423728813559322,0.09206620221406764
129,0.0,0.16271186440677965,0.09417775455020752
130,0.0,0.13050847457627118,0.09224181776867452
131,0.0,0.2,0.09712772480159873
132,0.0,0.1440677966101695,0.09183452291938368
133,0.0,0.2288135593220339,0.09976278832359231
134,0.0,0.2288135593220339,0.09965138003951922
135,0.0,0.19152542372881357,0.09566830748625095
136,0.0,0.24406779661016947,0.10146953538375975
137,0.0,0.09491525423728811,0.0882379322846353
138,0.0,0.17118644067796612,0.09413732253572973
139,0.0,0.15084745762711865,0.09234517074598633
140,0.0,0.2271186440677966,0.09969955682265362
141,0.0,0.20677966101694914,0.09828267130425763
142,0.0,0.1576271186440678,0.0941411165158493
143,0.0,0.12372881355932204,0.09138141387239435
144,0.0,0.17796610169491525,0.09451217840203942
145,0.0,0.1423728813559322,0.09162095165596452
146,0.0,0.18983050847457628,0.09532903266057753
147,0.0,0.2440677966101695,0.10201440961524505
148,0.0,0.14915254237288134,0.09179750397648792
149,0.0,0.17627118644067796,0.0966945203594218
150,0.0,0.12542372881355934,0.09079299139244745
151,0.0,0.24406779661016953,0.10198422571294377
152,0.0,0.11694915254237288,0.08988634909276869
153,0.0,0.23728813559322035,0.10254058762901169
154,0.0,0.14067796610169492,0.09138489885922334
155,0.0,0.16440677966101697,0.09337112418685053
156,0.0,0.17627118644067796,0.09452122171608049
157,0.0,0.13898305084745763,0.09134128737980415
158,0.0,0.264406779661017,0.10470916581278292
159,0.0,0.14745762711864407,0.09198892812083906
160,0.0,0.19491525423728812,0.09667914511295328
161,0.0,0.23050847457627116,0.0996152978013766
162,0.0,0.23559322033898306,0.10131715164871652
163,0.0,0.17457627118644067,0.09519540637444847
164,0.0,0.15932203389830507,0.09242048350596567
165,0.0,0.1711864406779661,0.09423348275898866
166,0.0,0.10677966101694916,0.08940702676751248
167,0.0,0.21016949152542375,0.09733991222607849
168,0.0,0.11525423728813558,0.08970207909145964
169,0.0,0.18305084745762712,0.09490730372365705
170,0.0,0.12203389830508476,0.09030256424922439
171,0.0,0.18813559322033901,0.09660088157927472
172,0.0,0.21694915254237285,0.09866774211281255
173,0.0,0.1610169491525424,0.09301289343359229
174,0.0,0.1593220338983051,0.09342029663964335
175,0.0,0.13220338983050844,0.09077537183576405
176,0.0,0.2101694915254237,0.09774131861204219
177,0.0,0.2016949152542373,0.09791971191737611
178,0.0,0.10847457627118644,0.08876044807282826
179,0.0,0.08305084745762711,0.08775205580639067
180,0.0,0.19152542372881354,0.09577901907867489
181,0.0,0.2322033898305085,0.10073035350686417
182,0.0,0.22881355932203393,0.10013589169335767
183,0.0,0.2322033898305085,0.10004223163205599
184,0.0,0.14406779661016952,0.09193689956252576
185,0.0,0.14237288135593223,0.09183047763329849
186,0.0,0.188135593220339,0.0961112019174437
187,0.0,0.211864406779661,0.0994713702726975
188,0.0,0.14067796610169492,0.09182359901306397
189,0.0,0.11355932203389829,0.08988621166778257
190,0.0,0.14067796610169492,0.09193070001794032
191,0.0,0.24237288135593218,0.10251859143176455
192,0.0,0.23220338983050848,0.09972348767405187
193,0.0,0.1440677966101695,0.09290958996748239
194,0.0,0.21864406779661016,0.09824005795372182
195,0.0,0.1457627118644068,0.09140370876168816
196,0.0,0.21016949152542375,0.09868306493754336
197,0.0,0.21186440677966104,0.0989015191425601
198,0.0,0.22033898305084748,0.10085888770465742
199,0.0,0.1864406779661017,0.09531708506973266
200,0.0,0.16271186440677965,0.09397882031168915
201,0.0,0.1389830508474576,0.09229697364469036
202,0.0,0.09152542372881356,0.0891985295101073
203,0.0,0.19491525423728812,0.09599002371797098
204,0.0,0.16610169491525423,0.09316217722396894
205,0.0,0.12542372881355932,0.09142258054175022
206,0.0,0.19661016949152543,0.09658275347282097
207,0.0,0.1694915254237288,0.09387468238883365
208,0.0,0.13050847457627118,0.09089781888341805
209,0.0,0.12542372881355932,0.08965142198886322
210,0.0,0.18135593220338986,0.09462821254762627
211,0.0,0.15254237288135594,0.0919634531446828
212,0.0,0.10847457627118641,0.08859521835231485
213,0.0,0.1813559322033898,0.09508131341472814
214,0.0,0.18305084745762712,0.09534291614356719
215,0.0,0.1644067796610169,0.09356075371610986
216,0.0,0.15423728813559323,0.09291787570794013
217,0.0,0.12542372881355932,0.08992183681121256
218,0.0,0.14915254237288134,0.09253400097127247
219,0.0,0.10508474576271185,0.08875835957293968
220,0.0,0.17966101694915254,0.09547466958352113
221,0.0,0.18813559322033896,0.09573281521337665
222,0.0,0.15932203389830507,0.09362607234403467
223,0.0,0.17966101694915254,0.09612602539786433
224,0.0,0.16779661016949154,0.0934492062951972
225,0.0,0.07457627118644068,0.08648100240305956
226,0.0,0.16271186440677965,0.0933727278244601
227,0.0,0.09322033898305086,0.08825612436293043
228,0.0,0.19152542372881357,0.09632893171825149
229,0.0,0.19830508474576272,0.09639060503923344
230,0.0,0.13728813559322028,0.09144714788555047
231,0.0,0.13050847457627116,0.0913380252098393
232,0.0,0.19152542372881357,0.09654634898353144
233,0.0,0.1423728813559322,0.0920555179965877
234,0.0,0.1576271186440678,0.09369211148254586
235,0.0,0.15084745762711865,0.0918586807890309
236,0.0,0.1610169491525424,0.0933482172835258
237,0.0,0.1440677966101695,0.09156762597040313
238,0.0,0.1745762711864407,0.09529907275290965
239,0.0,0.176271186440678,0.09556223834626915
240,0.0,0.12542372881355932,0.0909543753130172
241,0.0,0.1711864406779661,0.09450692518289486
242,0.0,0.19661016949152543,0.09621059620577838
243,0.0,0.26610169491525426,0.10504727667117039
244,0.0,0.19830508474576272,0.09698610151488808
245,0.0,0.1813559322033898,0.09540273683332412
246,0.0,0.21864406779661016,0.0988551859300998
247,0.0,0.1440677966101695,0.09228246489305256
248,0.0,0.22372881355932206,0.09853331782839911
249,0.0,0.13559322033898302,0.09078912452233498
250,0.0,0.18813559322033896,0.09576859979400201
251,0.0,0.18305084745762712,0.09506542232462399
252,0.0,0.12881355932203392,0.09124835865686286
253,0.0,0.17796610169491522,0.09451505662456505
254,0.0,0.19322033898305085,0.09697347975171455
255,0.0,0.2016949152542373,0.09683784877782112
256,0.0,0.23728813559322032,0.10254417145069109
257,0.0,0.20677966101694914,0.098090701086242
258,0.0,0.15932203389830507,0.09388437362911509
259,0.0,0.16271186440677965,0.09301423830898545
260,0.0,0.16949152542372878,0.09503504561910354
261,0.0,0.19830508474576275,0.0971005565196773
262,0.0,0.17966101694915254,0.09474204726981611
263,0.0,0.2423728813559322,0.10168967175909595
264,0.0,0.18813559322033896,0.09562756206663701
265,0.0,0.13389830508474576,0.09108408869576615
266,0.0,0.13559322033898305,0.09184399846597649
267,0.0,0.11016949152542373,0.08981492780185042
268,0.0,0.12033898305084745,0.09025669999422789
269,0.0,0.2983050847457627,0.10798808393651446
270,0.0,0.16779661016949152,0.09414343089681504
271,0.0,0.14576271186440676,0.09266686822516707
272,0.0,0.12881355932203387,0.09047523349813172
273,0.0,0.19661016949152543,0.09629033058860009
274,0.0,0.17966101694915254,0.09445610330114905
275,0.0,0.13898305084745763,0.09142338696484884
276,0.0,0.1491525423728814,0.09304046292788123
277,0.0,0.1474576271186441,0.09303363428500018
278,0.0,0.24067796610169492,0.10292260093482085
279,0.0,0.13559322033898302,0.09101156384130579
280,0.0,0.18305084745762715,0.09514871964230068
281,0.0,0.29322033898305083,0.10814988787198777
282,0.0,0.1610169491525424,0.09311938742154388
283,0.0,0.19661016949152543,0.09649020754400506
284,0.0,0.16440677966101697,0.09425662952489654
285,0.0,0.14237288135593218,0.09213092262208916
286,0.0,0.1610169491525424,0.09309800708865543
287,0.0,0.1,0.08807214049267928
288,0.0,0.18983050847457628,0.0953650078813906
289,0.0,0.1915254237288136,0.09624538136464572
290,0.0,0.3271186440677966,0.1121952291136386
291,0.0,0.19999999999999998,0.0985138951183697
292,0.0,0.11016949152542373,0.08995359599847619
293,0.0,0.19322033898305083,0.09737386637886819
294,0.0,0.1694915254237288,0.09358629611966776
295,0.0,0.11525423728813561,0.08935871605277422
296,0.0,0.12033898305084745,0.09173481829436297
297,0.0,0.2033898305084746,0.09776811817096609
298,0.0,0.13559322033898305,0.09150797279256878
299,0.0,0.13389830508474573,0.0911710253405141
300,0.0,0.10338983050847456,0.08971774737067259
301,0.0,0.16949152542372883,0.09381540219032737
302,0.0,0.16779661016949154,0.09316868021762696
303,0.0,0.1983050847457627,0.0963440075081583
304,0.0,0.19830508474576272,0.09707656238718788
305,0.0,0.19152542372881357,0.09537904921466206
306,0.0,0.111864406779661,0.08950236581188645
307,0.0,0.2864406779661017,0.11219403661442559
308,0.0,0.0847457627118644,0.08877094867556419
309,0.0,0.15084745762711865,0.09243428444847307
310,0.0,0.17627118644067796,0.09443856783433181
311,0.0,0.17288135593220336,0.09414863859743589
312,0.0,0.1576271186440678,0.093175582508221
313,0.0,0.16101694915254233,0.09315389731715848
314,0.0,0.2677966101694915,0.1042907541885714
315,0.0,0.11864406779661016,0.08989888037133689
316,0.0,0.18474576271186438,0.09539425574178068
317,0.0,0.21355932203389832,0.09784647031582275
318,0.0,0.1576271186440678,0.09347918040820453
319,0.0,0.16610169491525423,0.09367183045380129
320,0.0,0.1966101694915254,0.09667308651518565
321,0.0,0.10847457627118642,0.08884418697772437
322,0.0,0.26440677966101694,0.10403498081689279
323,0.0,0.17966101694915254,0.09473988864031938
324,0.0,0.15423728813559323,0.09314122858323001
325,0.0,0.1271186440677966,0.09185893101199752
326,0.0,0.2186440677966102,0.09914040812827327
327,0.0,0.08983050847457627,0.08888676521498856
328,0.0,0.15254237288135594,0.0925723084957813
329,0.0,0.11016949152542371,0.08955900595880528
330,0.0,0.1830508474576271,0.09608939674590725
331,0.0,0.11525423728813558,0.08905060894683015
332,0.0,0.1576271186440678,0.09328395500828268
333,0.0,0.21864406779661016,0.09879553730304996
334,0.0,0.19491525423728812,0.09610966929432416
335,0.0,0.14915254237288136,0.09180744956639533
336,0.0,0.16440677966101694,0.09535211565067042
337,0.0,0.17627118644067796,0.09484532110875188
338,0.0,0.20508474576271185,0.09658106245037405
339,0.0,0.2474576271186441,0.10200783176872692
340,0.0,0.2271186440677966,0.10033327427221514
341,0.0,0.15593220338983052,0.09356707357690322
342,0.0,0.14915254237288136,0.09209181644458031
343,0.0,0.14745762711864407,0.09131918817768958
344,0.0,0.18813559322033896,0.09602636996935984
345,0.0,0.11016949152542371,0.09070126660633286
346,0.0,0.13898305084745763,0.09267095543873419
347,0.0,0.14576271186440676,0.092003446388185
348,0.0,0.1711864406779661,0.09423675045770624
349,0.0,0.11694915254237287,0.08999133301481219
350,0.0,0.19491525423728812,0.09630477892337475
351,0.0,0.14067796610169492,0.09239464790681795
352,0.0,0.17796610169491528,0.09510508517388595
353,0.0,0.12203389830508476,0.08966416515888848
354,0.0,0.2288135593220339,0.09951670113016167
355,0.0,0.1593220338983051,0.0924448405420979
356,0.0,0.10847457627118642,0.08953307003557587
357,0.0,0.18135593220338986,0.09505091684123529
358,0.0,0.13050847457627118,0.09146498970882064
359,0.0,0.288135593220339,0.10658282334300473
360,0.0,0.11186440677966099,0.09091296884877945
361,0.0,0.26101694915254237,0.1033506066630697
362,0.0,0.12033898305084748,0.09096158291173476
363,0.0,0.2169491525423729,0.0997435054038468
364,0.0,0.11186440677966099,0.08885497792848716
365,0.0,0.15423728813559323,0.09219746011616439
366,0.0,0.2305084745762712,0.10026649503551588
367,0.0,0.2135593220338983,0.09753337850699877
368,0.0,0.15593220338983052,0.09262825919787016
369,0.0,0.1440677966101695,0.09228299515056007
370,0.0,0.12372881355932204,0.09038917404505979
371,0.0,0.14745762711864407,0.0930612656136107
372,0.0,0.08644067796610168,0.08802192639190305
373,0.0,0.18644067796610167,0.09570280541806696
374,0.0,0.22711864406779658,0.09903200079346203
375,0.0,0.16949152542372883,0.09381155233866503
376,0.0,0.055932203389830494,0.0859716464844434
377,0.0,0.17796610169491522,0.09517227885527932
378,0.0,0.20847457627118643,0.09797860711555463
379,0.0,0.26440677966101694,0.10378104657868098
380,0.0,0.19491525423728812,0.09680550265176312
381,0.0,0.1593220338983051,0.09426172524198595
382,0.0,0.12372881355932203,0.0896413612834059
383,0.0,0.17966101694915254,0.09513745046519057
384,0.0,0.10847457627118642,0.08881581975292863
385,0.0,0.18305084745762712,0.09566989180015265
386,0.0,0.08813559322033895,0.08776867592995828
387,0.0,0.15932203389830507,0.09307691163827658
388,0.0,0.22372881355932198,0.09912776435199613
389,0.0,0.26271186440677974,0.10516691429163985
390,0.0,0.13898305084745763,0.09210483421015392
391,0.0,0.17796610169491522,0.09432008404078118
392,0.0,0.26101694915254237,0.10427594433518114
393,0.0,0.1864406779661017,0.0952738955676872
394,0.0,0.211864406779661,0.09861405278429858
395,0.0,0.1983050847457627,0.09649370696681313
396,0.0,0.2677966101694915,0.1043881131927929
397,0.0,0.16610169491525423,0.0938856127005128
398,0.0,0.2050847457627119,0.09684469272256802
399,0.0,0.15084745762711865,0.09291070797302103
400,0.0,0.18474576271186438,0.09569634049560996
401,0.0,0.18644067796610167,0.09552494946043763
402,0.0,0.17118644067796612,0.09378408318866681
403,0.0,0.1423728813559322,0.09207424786087723
404,0.0,0.16779661016949154,0.09394735711975515
405,0.0,0.18305084745762712,0.09461921256035888
406,0.0,0.18813559322033896,0.0957618651133752
407,0.0,0.20169491525423727,0.09741298594092654
408,0.0,0.18983050847457628,0.09673792739276293
409,0.0,0.13559322033898305,0.09102802447752573
410,0.0,0.21525423728813559,0.09875065111423958
411,0.0,0.15254237288135591,0.09220111228964743
412,0.0,0.20677966101694914,0.09737690270279235
413,0.0,0.22033898305084745,0.09942759046703137
414,0.0,0.17288135593220336,0.09417425961824413
415,0.0,0.235593220338983,0.10014207865206683
416,0.0,0.123728813559322,0.09044922732880638
417,0.0,0.19491525423728814,0.09751980497812168
418,0.0,0.21016949152542375,0.09810070148758893
419,0.0,0.15423728813559323,0.09362507919149154
420,0.0,0.16779661016949152,0.0934531936987747
421,0.0,0.1728813559322034,0.09403745962439237
422,0.0,0.14745762711864405,0.09223885147643571
423,0.0,0.19661016949152543,0.09710776763471399
424,0.0,0.19830508474576272,0.09630986174501827
425,0.0,0.12372881355932204,0.0908081457770139
426,0.0,0.18474576271186438,0.0947077981453557
427,0.0,0.12881355932203392,0.09075179306294509
428,0.0,0.16271186440677968,0.09353640860017486
429,0.0,0.16271186440677968,0.09368548217023479
430,0.0,0.09999999999999999,0.08905160519392988
431,0.0,0.2271186440677966,0.0993763794692955
432,0.0,0.15254237288135594,0.09371441581269424
433,0.0,0.2305084745762712,0.09948612893301217
434,0.0,0.12033898305084745,0.08982063904173834
435,0.0,0.22033898305084745,0.09851625748476359
436,0.0,0.16271186440677965,0.09383356823640011
437,0.0,0.10508474576271186,0.08902326750196082
438,0.0,0.16610169491525423,0.09387630448545875
439,0.0,0.20677966101694917,0.09686851095536199
440,0.0,0.0694915254237288,0.08596008838503555
441,0.0,0.1610169491525424,0.09355411485571444
442,0.0,0.20847457627118646,0.09890523221805192
443,0.0,0.1559322033898305,0.09244372732492465
444,0.0,0.11864406779661017,0.09027305998955398
445,0.0,0.13389830508474576,0.09156309835762264
446,0.0,0.2016949152542373,0.09722276364509833
447,0.0,0.22542372881355932,0.0989755529317224
448,0.0,0.15762711864406778,0.09327669777222874
449,0.0,0.13389830508474576,0.09234548784450111
450,0.0,0.2627118644067796,0.10544516019519184
451,0.0,0.1254237288135593,0.09096827430409404
452,0.0,0.22203389830508474,0.09888333741185533
453,0.0,0.1847457627118644,0.09608457547561208
454,0.0,0.09999999999999998,0.08828524617503816
455,0.0,0.16779661016949154,0.09379498286626206
456,0.0,0.17118644067796607,0.0953403844415847
457,0.0,0.21864406779661016,0.09855107884959993
458,0.0,0.19152542372881357,0.09604921042652792
459,0.0,0.2542372881355932,0.10258789806322784
460,0.0,0.16779661016949154,0.09489693098532613
461,0.0,0.1440677966101695,0.09149576279000929
462,0.0,0.16949152542372883,0.09395648675905274
463,0.0,0.12881355932203387,0.09119445777284002
464,0.0,0.17627118644067796,0.09499781142313685
465,0.0,0.23389830508474577,0.10039433179017239
466,0.0,0.20677966101694917,0.09756183778833946
467,0.0,0.08983050847457628,0.08827817995771062
468,0.0,0.14915254237288136,0.09273680080619431
469,0.0,0.19152542372881357,0.09612272082789103
470,0.0,0.15084745762711865,0.09304532217486758
471,0.0,0.1864406779661017,0.09537087735674166
472,0.0,0.11694915254237287,0.09036115906449857
473,0.0,0.15254237288135594,0.09238380364367743
474,0.0,0.21016949152542375,0.0974551632106612
475,0.0,0.2288135593220339,0.09954527833775757
476,0.0,0.2033898305084746,0.09731127248039712
477,0.0,0.18305084745762712,0.09600369374109813
478,0.0,0.22203389830508474,0.09910365140860435
479,0.0,0.1711864406779661,0.09540166604258551
480,0.0,0.20169491525423727,0.09754628512012514
481,0.0,0.13559322033898305,0.09137450985936198
482,0.0,0.1711864406779661,0.09428490603151389
483,0.0,0.14745762711864405,0.09311521990846469
484,0.0,0.16779661016949152,0.09494084562180315
485,0.0,0.11694915254237288,0.08932992074057183
486,0.0,0.17627118644067796,0.09427312233049485
487,0.0,0.1559322033898305,0.09342005391922958
488,0.0,0.15932203389830507,0.09427575848209667
489,0.0,0.17457627118644067,0.09429490252986705
490,0.0,0.15762711864406775,0.09318896827749645
491,0.0,0.21694915254237288,0.09818108183057286
492,0.0,0.17796610169491528,0.09441440971715884
493,0.0,0.14915254237288134,0.0920137930707719
494,0.0,0.18983050847457628,0.09591153640754138
495,0.0,0.15423728813559323,0.09265287962185437
496,0.0,0.16610169491525423,0.0934774070615759
497,0.0,0.18813559322033896,0.09582176983648545
498,0.0,0.15423728813559323,0.09254812882971808
499,0.0,0.20169491525423727,0.09729503474533038
500,0.0,0.19322033898305085,0.0967344895761731
