split;f1_score;roc_auc;auprc
1;0.6;0.9610169491525424;0.751969696969697
2;0.8;0.976271186440678;0.877167277167277
3;0.7;0.9745762711864406;0.8814574314574314
4;0.7;0.9627118644067796;0.7454212454212453
5;0.7;0.9728813559322034;0.7973701298701298
6;0.7;0.9627118644067797;0.7643285799168151
7;0.7;0.9694915254237287;0.8155844155844155
8;0.8;0.9762711864406779;0.8674847374847374
9;0.7;0.9677966101694915;0.8286247086247086
10;0.8;0.964406779661017;0.8780934343434342
11;0.7;0.9508474576271186;0.7193192428486546
12;0.7;0.9423728813559322;0.6835397883849895
13;0.8;0.9779661016949153;0.8841514041514041
14;0.9;0.983050847457627;0.8868650793650793
15;0.7;0.952542372881356;0.6802913752913753
16;0.8;0.9728813559322034;0.8914624183006535
17;0.8;0.9677966101694916;0.8309920634920634
18;0.7;0.9423728813559322;0.6857276343031492
19;0.9;0.9949152542372882;0.9697979797979798
20;0.7;0.9711864406779661;0.8201723276723276
21;0.8;0.988135593220339;0.9272546897546897
22;0.8;0.9915254237288136;0.9587412587412588
23;0.8;0.9813559322033898;0.8566991341991341
24;0.6;0.9576271186440678;0.7484623709623709
25;0.6;0.9593220338983051;0.8162679425837319
26;0.8;0.9711864406779662;0.8417063492063491
27;0.5;0.9254237288135593;0.6073327111485006
28;0.8;0.964406779661017;0.7568253968253967
29;0.6;0.9491525423728814;0.6765075120957473
30;0.6;0.9508474576271186;0.7261416361416361
31;0.7;0.9525423728813559;0.6924238180120533
32;0.6;0.9288135593220339;0.6217099567099568
33;0.7;0.9627118644067797;0.7602272727272726
34;0.4;0.923728813559322;0.5615824453324454
35;0.8;0.9677966101694916;0.7802228327228327
36;0.7;0.9576271186440678;0.7526723276723276
37;0.6;0.9457627118644067;0.6575649350649351
38;0.8;0.9779661016949153;0.8813339438339437
39;0.8;0.9898305084745762;0.941540404040404
40;0.5;0.9135593220338983;0.49722402597402604
41;0.9;0.9847457627118644;0.8480122655122654
42;1.0;1.0;0.9999999999999999
43;0.8;0.9779661016949153;0.8813339438339437
44;0.6;0.9389830508474577;0.6468950004244122
45;0.9;0.9949152542372881;0.9733333333333333
46;0.8;0.9508474576271186;0.7066100076394194
47;0.7;0.9457627118644069;0.7701939237233355
48;0.5;0.8949152542372881;0.4608466819221968
49;0.7;0.9694915254237289;0.8416117216117215
50;0.5;0.9372881355932203;0.607129667717903
51;0.7;0.9508474576271186;0.7988220551378444
52;0.7;0.9593220338983051;0.7532828282828282
53;0.7;0.9559322033898305;0.6428310578310579
54;0.8;0.9779661016949153;0.8587484737484737
55;0.6;0.9305084745762713;0.6716541353383458
56;0.7;0.9610169491525424;0.805595238095238
57;0.6;0.9220338983050849;0.5893891780733886
58;0.7;0.9694915254237289;0.8476069681952034
59;0.8;0.9728813559322034;0.7897008547008546
60;0.8;0.9711864406779661;0.7980555555555555
61;0.6;0.9372881355932203;0.6379664289958407
62;0.8;0.9728813559322035;0.8633333333333333
63;0.6;0.9593220338983051;0.8149062049062049
64;0.7;0.9508474576271186;0.7225396825396825
65;0.7;0.9610169491525423;0.7565508021390374
66;0.8;0.9830508474576272;0.9317307692307691
67;0.5;0.9101694915254238;0.4817235052529171
68;0.7;0.9661016949152542;0.7792596292596292
69;0.6;0.9305084745762712;0.621941391941392
70;0.8;0.9881355932203391;0.9408119658119657
71;0.8;0.9610169491525424;0.8246078431372549
72;0.8;0.9779661016949153;0.8136435786435786
73;0.7;0.9423728813559322;0.7162055335968379
74;0.9;0.9881355932203391;0.9063455988455987
75;0.8;0.9745762711864406;0.8077625152625152
76;0.5;0.9186440677966101;0.5697960811118706
77;0.7;0.9694915254237289;0.8540612165612165
78;0.8;0.9796610169491525;0.7822546897546898
79;0.9;0.9932203389830508;0.9714285714285714
80;0.8;0.9898305084745762;0.9532467532467531
81;0.9;0.983050847457627;0.8868650793650793
82;0.6;0.9406779661016949;0.5998316879199233
83;0.7;0.9610169491525424;0.7453860028860029
84;0.8;0.964406779661017;0.757603785103785
85;0.5;0.8932203389830508;0.4490134426976532
86;0.8;0.976271186440678;0.8072333222333222
87;0.7;0.9610169491525424;0.7559415584415584
88;0.8;0.964406779661017;0.7568253968253967
89;0.8;0.9830508474576272;0.9051373626373626
90;0.7;0.9322033898305085;0.6050305250305251
91;0.5;0.9118644067796611;0.4979994515288632
92;0.7;0.9593220338983051;0.7388768094650446
93;0.7;0.9677966101694916;0.8301082251082251
94;0.6;0.9372881355932204;0.572967032967033
95;0.8;0.9796610169491525;0.8523595848595847
96;0.8;0.9677966101694915;0.7875396825396824
97;0.8;0.9694915254237289;0.8493253968253968
98;0.6;0.9491525423728814;0.6756596099978454
99;0.8;0.9813559322033898;0.9016991341991342
100;0.8;0.9847457627118644;0.9305555555555555
101;0.8;0.9779661016949153;0.8548523698523698
102;1.0;1.0;0.9999999999999999
103;0.8;0.9661016949152543;0.802603785103785
104;0.8;0.9813559322033898;0.8812626262626262
105;0.8;0.9881355932203391;0.9351301476301476
106;0.8;0.9847457627118644;0.9358974358974358
107;0.6;0.9491525423728814;0.6558982683982684
108;0.8;0.9779661016949153;0.8493578643578643
109;0.7;0.9593220338983051;0.755
110;0.8;0.9779661016949153;0.9067857142857142
111;0.8;0.9728813559322034;0.8606489262371614
112;0.8;0.9779661016949153;0.8362626262626262
113;0.8;0.9610169491525424;0.7576190476190476
114;0.6;0.9423728813559322;0.6580405623787976
115;0.9;0.9966101694915255;0.9809090909090908
116;0.6;0.9203389830508475;0.5617032967032968
117;0.7;0.9728813559322035;0.8630050505050505
118;0.7;0.9322033898305084;0.6415168165168166
119;0.8;0.9542372881355932;0.7171031746031746
120;0.8;0.9796610169491525;0.8258444333444334
121;0.6;0.9423728813559322;0.6833367071524966
122;0.9;0.9898305084745763;0.9433119658119659
123;0.7;0.9694915254237287;0.8234371184371183
124;0.8;0.9593220338983051;0.760297619047619
125;0.7;0.9525423728813559;0.7286002886002886
126;0.7;0.9745762711864407;0.8028646353646353
127;0.7;0.9525423728813559;0.723406862745098
128;0.8;0.9864406779661017;0.9283119658119657
129;0.9;0.988135593220339;0.9378174603174602
130;0.4;0.8999999999999999;0.4747768897768898
131;0.7;0.9728813559322035;0.861005661005661
132;0.8;0.9779661016949153;0.8772069597069596
133;0.8;0.983050847457627;0.8655880230880231
134;0.8;0.9711864406779661;0.8056349206349206
135;0.6;0.9271186440677966;0.5650351935646054
136;0.6;0.9457627118644069;0.6408241758241758
137;0.7;0.9627118644067796;0.7355844155844155
138;0.6;0.940677966101695;0.6863394448688566
139;0.7;0.9661016949152542;0.7592596292596292
140;0.8;0.9711864406779661;0.7988339438339438
141;0.7;0.9593220338983051;0.8128661616161615
142;0.7;0.9610169491525424;0.7660150878533231
143;0.8;0.9779661016949153;0.8697546897546897
144;0.6;0.9203389830508475;0.5119803807303808
145;0.7;0.9677966101694916;0.8491161616161615
146;0.6;0.9423728813559322;0.6971112169564181
147;0.7;0.9627118644067797;0.7637193362193362
148;0.7;0.947457627118644;0.7103346601798614
149;0.8;0.964406779661017;0.7683333333333333
150;0.6;0.9389830508474576;0.6906384843226948
151;0.9;0.9966101694915255;0.9809090909090908
152;0.7;0.9627118644067797;0.7102272727272727
153;0.7;0.9491525423728814;0.6563235294117648
154;0.7;0.9576271186440678;0.7538509151667047
155;0.6;0.9372881355932203;0.6466952930110825
156;0.7;0.9474576271186441;0.7331439393939393
157;0.8;0.9728813559322035;0.8633333333333333
158;0.7;0.9610169491525423;0.8341700404858299
159;0.8;0.9661016949152542;0.8256489262371616
160;0.7;0.9711864406779661;0.7824281274281274
161;0.8;0.9847457627118643;0.9228174603174603
162;0.7;0.9610169491525423;0.7999482380364733
163;0.7;0.952542372881356;0.7485225885225885
164;0.6;0.9440677966101695;0.6964637649931767
165;0.6;0.9423728813559322;0.6546012759170654
166;0.6;0.9406779661016949;0.7852813852813851
167;0.8;0.9711864406779661;0.7862626262626262
168;0.5;0.9050847457627118;0.49341269841269836
169;0.7;0.964406779661017;0.8288235294117646
170;0.7;0.9610169491525424;0.808997113997114
171;0.8;0.976271186440678;0.877167277167277
172;0.5;0.9118644067796611;0.49889355742296915
173;0.7;0.9627118644067797;0.7898841354723707
174;0.8;0.976271186440678;0.8101373626373626
175;0.7;0.9610169491525424;0.7559415584415584
176;0.7;0.9661016949152542;0.8472650878533231
177;0.8;0.9779661016949153;0.8660958485958485
178;0.8;0.9813559322033899;0.888470695970696
179;0.7;0.9677966101694915;0.82505328005328
180;0.8;0.9864406779661017;0.9105880230880231
181;0.6;0.9576271186440678;0.7543506493506493
182;0.8;0.9728813559322034;0.7988736263736262
183;0.6;0.9288135593220339;0.5864301874595993
184;0.8;0.9677966101694916;0.8466666666666666
185;0.8;0.9694915254237289;0.8553711484593837
186;1.0;1.0;0.9999999999999999
187;0.6;0.9355932203389831;0.7714935064935065
188;0.8;0.9694915254237289;0.7743578643578642
189;0.8;0.9762711864406779;0.8734371184371184
190;0.8;0.9898305084745762;0.9532467532467531
191;0.9;0.9932203389830508;0.9669230769230769
192;0.8;0.9762711864406779;0.8532539682539683
193;0.6;0.9389830508474577;0.6593162393162393
194;0.7;0.9576271186440678;0.746204481792717
195;0.8;0.9610169491525424;0.7755999066293183
196;0.9;0.9898305084745763;0.9263455988455987
197;0.8;0.964406779661017;0.7568253968253967
198;0.6;0.9440677966101695;0.6417905623787977
199;0.8;0.9779661016949153;0.8936752136752136
200;0.7;0.9779661016949153;0.8774281274281274
201;0.8;0.9694915254237289;0.8359371184371184
202;0.8;0.9796610169491525;0.9169431875314228
203;0.8;0.9813559322033899;0.9267857142857142
204;0.8;0.9694915254237289;0.8563888888888888
205;0.9;0.9847457627118644;0.8737698412698411
206;0.5;0.9186440677966101;0.5768223443223442
207;0.7;0.9711864406779661;0.8505050505050505
208;0.8;0.9694915254237289;0.820103785103785
209;0.7;0.9525423728813559;0.7836434837092732
210;0.7;0.9694915254237289;0.8444444444444444
211;0.7;0.9677966101694916;0.7663170163170162
212;0.9;0.9898305084745762;0.9354365079365078
213;0.7;0.9474576271186441;0.6803008021390373
214;0.6;0.9271186440677966;0.5743452380952382
215;0.6;0.9457627118644067;0.6818704906204905
216;0.8;0.976271186440678;0.8613339438339438
217;0.5;0.9254237288135594;0.6040066877566878
218;0.7;0.9491525423728814;0.6826132119514472
219;0.7;0.9525423728813559;0.7414087301587301
220;0.6;0.9542372881355932;0.729126559714795
221;0.6;0.9338983050847457;0.5648637911795807
222;0.6;0.9457627118644067;0.723217659533449
223;0.7;0.9661016949152542;0.7633866133866133
224;0.9;0.9915254237288136;0.9558119658119658
225;0.4;0.9084745762711866;0.4836459373959374
226;0.9;0.9949152542372882;0.9769230769230769
227;0.8;0.9711864406779661;0.8548796954679306
228;0.7;0.9661016949152542;0.812012987012987
229;0.7;0.9576271186440678;0.7733333333333333
230;0.8;0.9796610169491525;0.8829761904761905
231;0.5;0.9067796610169492;0.5011779448621554
232;0.8;0.9576271186440678;0.6856489262371616
233;0.7;0.9491525423728814;0.621149536737772
234;0.8;0.9677966101694915;0.8516211484593837
235;0.6;0.9559322033898305;0.801267942583732
236;0.8;0.9762711864406779;0.836024531024531
237;0.7;0.9542372881355932;0.7434415584415583
238;0.7;0.940677966101695;0.6653526538820657
239;0.7;0.9728813559322034;0.8438736263736263
240;0.8;0.9508474576271186;0.7468877854171971
241;0.8;0.9627118644067797;0.7251911976911977
242;0.8;0.9779661016949153;0.8629761904761905
243;0.8;0.9559322033898305;0.7987426900584795
244;0.7;0.9559322033898305;0.8195526695526695
245;0.8;0.9610169491525424;0.7173155929038283
246;0.6;0.9440677966101695;0.6933982683982683
247;0.8;0.9813559322033899;0.888470695970696
248;0.6;0.9474576271186441;0.6455795511677864
249;0.6;0.940677966101695;0.6415384615384615
250;0.6;0.9355932203389831;0.6176190476190476
251;0.7;0.9491525423728814;0.7353906714200832
252;0.8;0.9847457627118644;0.9041777666777667
253;0.7;0.964406779661017;0.7544977244977245
254;0.7;0.9627118644067797;0.8268484211866564
255;0.8;0.9796610169491525;0.8860958485958484
256;0.8;0.9932203389830508;0.9651515151515152
257;0.6;0.9169491525423729;0.5476642363484469
258;0.6;0.9440677966101695;0.6092456073338427
259;0.6;0.9288135593220339;0.5725252525252525
260;0.6;0.9305084745762712;0.5768822792274805
261;0.8;0.9694915254237289;0.8605100373482726
262;0.6;0.9491525423728814;0.6693506493506493
263;0.8;0.9813559322033898;0.8566991341991341
264;0.5;0.9169491525423729;0.5845454545454545
265;0.7;0.9610169491525423;0.7053968253968254
266;0.7;0.9576271186440678;0.7374238180120533
267;0.6;0.9372881355932204;0.7054220779220779
268;0.9;0.9881355932203391;0.9063455988455987
269;0.7;0.9627118644067797;0.8268484211866564
270;0.7;0.9576271186440678;0.7598231373889268
271;0.7;0.9491525423728814;0.683095238095238
272;0.6;0.9322033898305084;0.5792441330599226
273;0.7;0.9338983050847458;0.6466450216450217
274;0.8;0.9677966101694915;0.7947347535505429
275;0.8;0.9661016949152542;0.8418989262371616
276;0.6;0.9542372881355932;0.8056006493506492
277;0.8;0.9711864406779661;0.847063492063492
278;0.8;0.9796610169491525;0.8697943722943722
279;0.8;0.983050847457627;0.8655880230880231
280;0.7;0.9457627118644067;0.6976785714285714
281;0.8;0.988135593220339;0.9272546897546897
282;0.7;0.9559322033898305;0.7296460402342755
283;0.6;0.9271186440677966;0.6372527472527473
284;0.4;0.9050847457627119;0.4594395881895882
285;0.7;0.9677966101694915;0.7771167721167721
286;0.7;0.9728813559322034;0.7973701298701298
287;0.7;0.9576271186440678;0.7339317545199897
288;0.8;0.9898305084745762;0.9532467532467531
289;0.7;0.976271186440678;0.8709415584415584
290;0.7;0.964406779661017;0.7193389943389943
291;0.8;0.9847457627118644;0.8905880230880231
292;0.7;0.9576271186440679;0.7053310578310579
293;0.6;0.9508474576271188;0.7295140480434598
294;0.6;0.940677966101695;0.6395887445887445
295;0.8;0.9559322033898305;0.7547420634920634
296;0.7;0.9576271186440678;0.8362193362193362
297;0.9;0.9932203389830508;0.9572979797979798
298;0.7;0.9508474576271186;0.6863632119514472
299;0.7;0.9457627118644067;0.7125396825396825
300;0.8;0.9694915254237289;0.7644627594627594
301;0.8;0.9728813559322034;0.8030006105006104
302;0.7;0.964406779661017;0.8037193362193362
303;0.6;0.9525423728813559;0.708174178762414
304;0.8;0.9559322033898305;0.7069887955182074
305;0.8;0.9796610169491525;0.9102124183006536
306;0.7;0.9610169491525423;0.7308225108225107
307;0.6;0.9271186440677966;0.6643697478991596
308;0.8;0.9847457627118644;0.9041777666777667
309;0.7;0.9593220338983051;0.7562928656311009
310;0.4;0.9050847457627119;0.47739593739593744
311;0.7;0.9389830508474576;0.675871212121212
312;0.8;0.976271186440678;0.877167277167277
313;0.6;0.9542372881355933;0.7357303807303807
314;0.8;0.976271186440678;0.8072333222333222
315;0.7;0.9661016949152543;0.8393939393939394
316;0.6;0.952542372881356;0.725016095016095
317;0.7;0.971186440677966;0.8324342324342323
318;0.7;0.9559322033898305;0.6517199467199467
319;0.7;0.9542372881355933;0.7142857142857143
320;0.4;0.9033898305084745;0.4622177770629783
321;0.7;0.9728813559322034;0.8505050505050504
322;0.7;0.9677966101694915;0.8655785799168152
323;0.8;0.9932203389830508;0.9651515151515152
324;0.8;0.9830508474576272;0.9180555555555555
325;0.7;0.9610169491525424;0.7406593406593406
326;0.8;0.9779661016949153;0.9198412698412698
327;0.8;0.976271186440678;0.8724450549450549
328;0.9;0.9983050847457627;0.9909090909090909
329;0.7;0.940677966101695;0.6561796536796537
330;0.9;0.9915254237288136;0.9497222222222222
331;0.5;0.9169491525423729;0.5182500780952793
332;0.7;0.9542372881355933;0.7419382904677022
333;0.7;0.9677966101694915;0.7627455877455876
334;0.6;0.9491525423728814;0.6999598930481283
335;0.8;0.988135593220339;0.9464285714285713
336;0.7;0.976271186440678;0.8864024864024863
337;0.8;0.9627118644067797;0.7158320764203118
338;0.8;0.9677966101694916;0.8695833333333333
339;0.8;0.9932203389830508;0.9651515151515152
340;0.7;0.9627118644067796;0.7289177489177489
341;0.8;0.9559322033898305;0.8503968253968254
342;0.6;0.9559322033898305;0.7217957042957042
343;0.7;0.964406779661017;0.8142748917748918
344;0.7;0.9728813559322034;0.8402120102120102
345;0.8;0.9661016949152542;0.7859267040149392
346;0.9;0.9932203389830508;0.9714285714285714
347;0.7;0.9542372881355933;0.8123351158645276
348;0.6;0.9457627118644067;0.6885371572871573
349;0.8;0.9932203389830508;0.9651515151515152
350;0.7;0.964406779661017;0.7221717171717172
351;0.8;0.9711864406779661;0.7988339438339438
352;0.5;0.9152542372881356;0.5272635207929326
353;1.0;1.0;0.9999999999999999
354;0.6;0.9508474576271186;0.7276946664446664
355;0.6;0.9288135593220339;0.6032586367880486
356;1.0;1.0;0.9999999999999999
357;0.7;0.9576271186440679;0.7333225108225108
358;0.8;0.9627118644067797;0.7539273145155497
359;0.8;0.9898305084745762;0.9532467532467531
360;0.7;0.9728813559322034;0.8602272727272727
361;0.8;0.9745762711864407;0.8846031746031745
362;0.6;0.9101694915254237;0.5398813505335245
363;0.7;0.9355932203389831;0.5949908424908426
364;0.8;0.9813559322033898;0.8897943722943722
365;0.8;0.9796610169491525;0.8860958485958484
366;0.8;0.9796610169491525;0.8693578643578642
367;0.8;0.9694915254237289;0.8270634920634921
368;0.6;0.9305084745762712;0.6340601503759399
369;0.6;0.9593220338983052;0.7835173160173159
370;0.7;0.9677966101694916;0.8062834387834387
371;0.8;0.9762711864406779;0.8674847374847374
372;0.7;0.9610169491525424;0.7530050505050505
373;0.7;0.952542372881356;0.71
374;0.9;0.9983050847457627;0.9909090909090909
375;0.8;0.9830508474576272;0.8973595848595848
376;0.7;0.9796610169491525;0.8811979686979686
377;0.7;0.9508474576271186;0.7193192428486546
378;0.6;0.9474576271186441;0.6891827616827616
379;0.7;0.964406779661017;0.7614574314574314
380;0.8;0.9694915254237289;0.7938888888888889
381;0.8;0.9711864406779661;0.8446019176901529
382;0.7;0.9627118644067796;0.7309262959262959
383;0.8;0.9898305084745762;0.9532467532467531
384;0.8;0.9830508474576272;0.9309523809523809
385;0.6;0.9220338983050848;0.5325690026347921
386;0.7;0.9576271186440679;0.7142199467199466
387;0.6;0.9423728813559321;0.6430463980463981
388;0.6;0.9305084745762713;0.6641682826976943
389;0.6;0.9474576271186441;0.6709226884226883
390;0.8;0.9745762711864406;0.8363339438339438
391;0.8;0.9796610169491525;0.8994444444444444
392;0.7;0.9271186440677966;0.5964941338854383
393;0.7;0.9491525423728814;0.7009613997113997
394;0.7;0.9593220338983051;0.8080494015788133
395;0.7;0.964406779661017;0.8548231373889268
396;0.7;0.9559322033898305;0.7030248917748918
397;0.8;0.976271186440678;0.877167277167277
398;0.8;0.9881355932203391;0.9351301476301476
399;0.8;0.9728813559322035;0.7969769119769119
400;0.6;0.9305084745762712;0.6074175824175824
401;0.6;0.9508474576271186;0.7250140056022409
402;0.8;0.9593220338983051;0.7528513071895424
403;0.7;0.9711864406779661;0.7824281274281274
404;0.8;0.9745762711864406;0.8077625152625152
405;0.7;0.9610169491525423;0.8350125313283207
406;0.7;0.9559322033898305;0.7395179738562091
407;0.8;0.9847457627118644;0.9041777666777667
408;0.8;0.9745762711864407;0.8563888888888889
409;0.7;0.952542372881356;0.7270970206264323
410;0.8;0.9898305084745762;0.9451515151515152
411;0.9;0.9983050847457627;0.9909090909090909
412;0.7;0.9610169491525423;0.7342199467199466
413;0.8;0.9711864406779661;0.8906746031746031
414;0.8;0.9711864406779661;0.853611111111111
415;0.7;0.9593220338983051;0.7284415584415583
416;0.7;0.9559322033898305;0.7244828700711053
417;0.6;0.9440677966101695;0.7188428186880199
418;0.8;0.9830508474576272;0.8973595848595848
419;0.8;0.9796610169491526;0.9156746031746031
420;0.6;0.9508474576271186;0.738471797810033
421;0.6;0.9474576271186441;0.7300756188256188
422;0.8;0.9864406779661017;0.9105880230880231
423;0.9;0.9864406779661017;0.9123595848595848
424;0.6;0.9508474576271186;0.7134717978100331
425;0.5;0.935593220338983;0.6241931597813951
426;0.7;0.9559322033898305;0.6805860805860806
427;0.8;0.9542372881355933;0.7539466089466089
428;0.7;0.9677966101694916;0.8420526695526696
429;0.8;0.9677966101694915;0.7902124183006536
430;0.7;0.9491525423728814;0.7082783882783882
431;0.6;0.9423728813559322;0.6554445502897516
432;1.0;1.0;0.9999999999999999
433;0.7;0.9576271186440678;0.7977398040555934
434;0.7;0.9559322033898305;0.7272619047619047
435;0.7;0.9593220338983051;0.7567748917748918
436;0.8;0.9813559322033899;0.8855666555666556
437;0.7;0.9694915254237289;0.8540612165612165
438;0.8;0.9745762711864407;0.8066991341991341
439;0.8;0.9915254237288136;0.9540404040404039
440;0.7;0.9508474576271186;0.7209649122807017
441;0.7;0.9610169491525424;0.7383866133866133
442;0.7;0.9661016949152542;0.7693389943389942
443;0.8;0.9677966101694916;0.7802228327228327
444;0.7;0.964406779661017;0.8183974358974359
445;0.8;0.9745762711864407;0.8837698412698413
446;0.8;0.9711864406779662;0.8417063492063491
447;0.8;0.9779661016949153;0.8190262515262514
448;0.6;0.9457627118644069;0.6533982683982684
449;0.7;0.9440677966101695;0.6797285995738007
450;0.6;0.9423728813559321;0.6265179265179265
451;0.6;0.9423728813559322;0.6756376904828917
452;0.4;0.8966101694915255;0.45381197749618796
453;0.5;0.9118644067796611;0.49378232878232886
454;0.7;0.9559322033898305;0.6915508021390374
455;0.6;0.9491525423728814;0.6969696969696969
456;0.7;0.9389830508474576;0.6886687873529979
457;0.5;0.9254237288135594;0.5231077256077257
458;0.8;0.9694915254237287;0.7657864357864357
459;0.7;0.9559322033898305;0.7030248917748918
460;0.9;0.9932203389830508;0.9622222222222222
461;0.7;0.9525423728813559;0.739014313859515
462;0.9;0.9983050847457627;0.9909090909090909
463;0.8;0.9881355932203391;0.9351301476301476
464;0.8;0.9677966101694915;0.8516013071895424
465;0.6;0.9372881355932203;0.5852032607914961
466;0.8;0.9779661016949153;0.8813339438339437
467;0.8;0.964406779661017;0.7716013071895425
468;0.8;0.9694915254237289;0.8793055555555555
469;0.7;0.9220338983050848;0.6178138528138528
470;0.6;0.9338983050847458;0.5907484182484183
471;0.6;0.9423728813559322;0.6482051282051281
472;0.7;0.9711864406779661;0.7824281274281274
473;0.8;0.9745762711864406;0.8988235294117647
474;0.7;0.9593220338983051;0.7562928656311009
475;0.7;0.9610169491525424;0.8602272727272727
476;0.8;0.9830508474576272;0.9216666666666665
477;0.7;0.9559322033898305;0.7313632119514472
478;1.0;1.0;0.9999999999999999
479;0.7;0.9593220338983052;0.731060606060606
480;0.7;0.9627118644067797;0.79255328005328
481;0.8;0.9813559322033899;0.8773595848595848
482;0.8;0.9830508474576272;0.9317307692307691
483;0.8;0.9796610169491525;0.8258444333444334
484;0.8;0.9711864406779661;0.7891514041514041
485;0.8;0.9796610169491525;0.8697943722943722
486;0.8;0.9813559322033898;0.8897943722943722
487;0.6;0.9457627118644067;0.7087533738191633
488;0.8;0.9813559322033898;0.8918650793650792
489;0.8;0.9796610169491525;0.8984371184371184
490;0.7;0.9423728813559322;0.6615384615384615
491;0.8;0.9728813559322035;0.8025324675324674
492;0.6;0.9338983050847457;0.5925683088840984
493;0.7;0.9559322033898305;0.7413617376775271
494;0.8;0.9745762711864406;0.8812685843568197
495;0.8;0.9694915254237289;0.89
496;0.8;0.9661016949152543;0.7752777777777777
497;0.7;0.9677966101694916;0.8266558441558441
498;0.5;0.9050847457627118;0.5150668337510443
499;0.8;0.9796610169491525;0.9169431875314228
500;0.8;0.9830508474576272;0.9180555555555555
