Run;f1_score;roc_auc;auprc
1;0.7;0.9467;0.8355
2;0.9;0.9983;0.9909
3;0.8;0.9733;0.91
4;1;1;1
5;0.9;0.9867;0.9556
6;0.8;0.9817;0.8939
7;1;1;1
8;0.9;0.97;0.9357
9;0.9;0.995;0.9769
10;0.9;0.9783;0.9435
11;0.8;0.99;0.9415
12;0.9;0.9967;0.9809
13;0.9;0.9967;0.9833
14;0.8;0.9817;0.9306
15;0.9;0.9983;0.9909
16;0.9;0.965;0.9323
17;0.9;0.9967;0.9833
18;0.9;0.9967;0.9833
19;0.9;0.9867;0.9488
20;0.8;0.965;0.9
21;0.6;0.9533;0.7539
22;0.7;0.9633;0.8018
23;0.9;0.9783;0.9355
24;0.9;0.9883;0.9588
25;0.7;0.9383;0.7833
26;0.9;0.9917;0.9667
27;0.9;0.9967;0.9809
28;0.9;0.9983;0.9909
29;0.8;0.9683;0.902
30;0.9;0.9733;0.93
31;0.9;0.99;0.9567
32;0.9;0.9917;0.9667
33;0.9;0.9833;0.95
34;0.5;0.9267;0.6368
35;0.8;0.98;0.9233
36;0.9;0.9967;0.9833
37;0.8;0.935;0.8503
38;1;1;1
39;0.9;0.9983;0.9909
40;0.9;0.9883;0.9525
41;1;1;1
42;0.9;0.98;0.9289
43;0.6;0.8483;0.4733
44;0.7;0.9683;0.8427
45;0.9;0.9867;0.8988
46;0.9;0.99;0.9625
47;0.8;0.99;0.9519
48;0.9;0.995;0.9769
49;0.8;0.96;0.8952
50;0.9;0.9733;0.93
51;0.9;0.98;0.9376
52;0.8;0.985;0.9375
53;0.7;0.935;0.7535
54;0.9;0.9767;0.914
55;0.9;0.9833;0.9344
56;0.9;0.9883;0.9588
57;0.9;0.9967;0.9833
58;0.7;0.9517;0.8661
59;0.8;0.9883;0.9421
60;0.8;0.97;0.9109
61;0.9;0.9967;0.9833
62;1;1;1
63;0.8;0.9733;0.9119
64;0.9;0.9967;0.9809
65;0.8;0.9817;0.9198
66;0.9;0.9783;0.9265
67;0.9;0.9917;0.9667
68;0.9;0.965;0.9233
69;0.9;0.975;0.94
70;0.9;0.9783;0.9265
71;0.8;0.98;0.9231
72;0.9;0.9983;0.9909
73;0.6;0.9367;0.7159
74;0.9;0.9867;0.9556
75;0.8;0.9867;0.9417
76;0.9;0.9983;0.9909
77;0.9;0.995;0.9733
78;0.8;0.975;0.8739
79;0.8;0.955;0.8228
80;0.8;0.9567;0.8845
81;0.8;0.9833;0.9317
82;0.9;0.9783;0.9265
83;0.8;0.9733;0.9089
84;0.8;0.9217;0.8485
85;0.9;0.9633;0.9223
86;0.8;0.9817;0.9344
87;0.7;0.975;0.8952
88;0.8;0.99;0.9415
89;0.9;0.995;0.9698
90;0.8;0.99;0.9519
91;1;1;1
92;0.9;0.995;0.9769
93;0.8;0.97;0.9026
94;0.7;0.935;0.8466
95;0.9;0.99;0.9625
96;1;1;1
97;0.8;0.9683;0.8535
98;0.9;0.995;0.9769
99;0.9;0.9983;0.9909
100;0.9;0.9683;0.9345
101;0.9;0.9967;0.9809
102;1;1;1
103;0.9;0.9883;0.9588
104;0.9;0.995;0.9733
105;0.9;0.9983;0.9909
106;0.9;0.97;0.8609
107;0.8;0.9533;0.8933
108;0.9;0.9967;0.9833
109;0.8;0.975;0.8897
110;0.9;0.99;0.9625
111;0.9;0.9833;0.9146
112;1;1;1
113;0.9;0.995;0.9769
114;1;1;1
115;0.8;0.895;0.8473
116;0.9;0.9633;0.8878
117;0.8;0.96;0.8933
118;0.9;0.9917;0.9667
119;0.8;0.9567;0.8529
120;0.8;0.975;0.9205
121;0.8;0.9417;0.8831
122;1;1;1
123;0.9;0.9983;0.9909
124;0.9;0.9967;0.9833
125;0.9;0.9967;0.9833
126;0.9;0.9833;0.9426
127;0.8;0.9333;0.8644
128;1;1;1
129;0.8;0.9233;0.7602
130;0.8;0.9717;0.9218
131;0.9;0.9867;0.9488
132;0.7;0.95;0.8446
133;0.8;0.985;0.912
134;0.9;0.9767;0.9417
135;0.9;0.9983;0.9909
136;0.9;0.99;0.9625
137;0.8;0.9667;0.8984
138;0.9;0.9867;0.9488
139;0.8;0.9917;0.9587
140;0.8;0.9617;0.8168
141;0.7;0.9367;0.7372
142;0.9;0.99;0.9625
143;0.8;0.98;0.8861
144;0.8;0.9667;0.8976
145;0.8;0.9417;0.853
146;0.8;0.9633;0.8926
147;0.9;0.9983;0.9909
148;0.9;0.9817;0.9476
149;0.9;0.9983;0.9909
150;0.8;0.96;0.889
151;0.9;0.9833;0.95
152;0.9;0.9933;0.9714
153;1;1;1
154;0.8;0.9883;0.9421
155;0.9;0.9683;0.9345
156;0.9;0.9783;0.9435
157;0.8;0.9717;0.9124
158;0.8;0.97;0.9203
159;1;1;1
160;0.9;0.9967;0.9833
161;0.9;0.9933;0.9669
162;0.9;0.9983;0.9909
163;0.9;0.9883;0.9588
164;0.9;0.9983;0.9909
165;0.9;0.9967;0.9833
166;0.9;0.9983;0.9909
167;0.9;0.9883;0.9525
168;0.9;0.995;0.9733
169;0.9;0.9733;0.9385
170;0.9;0.9767;0.9243
171;0.9;0.9733;0.9385
172;0.6;0.9683;0.8293
173;0.9;0.9833;0.9426
174;0.9;0.98;0.9455
175;0.8;0.9867;0.9208
176;0.6;0.9183;0.5339
177;1;1;1
178;0.9;0.9833;0.9426
179;1;1;1
180;0.9;0.9883;0.9588
181;0.9;0.9967;0.9833
182;0.7;0.955;0.8534
183;0.9;0.9867;0.9556
184;0.9;0.9783;0.9355
185;0.7;0.9517;0.8349
186;0.9;0.9983;0.9909
187;0.8;0.9583;0.9121
188;0.9;0.9883;0.9588
189;0.8;0.9633;0.8317
190;0.8;0.9883;0.9464
191;0.9;0.9917;0.9667
192;0.3;0.81;0.4516
193;1;1;1
194;0.8;0.9817;0.9344
195;0.9;0.9867;0.9488
196;0.9;0.9783;0.9435
197;0.8;0.9717;0.9127
198;0.8;0.9483;0.8817
199;0.9;0.97;0.9357
200;0.7;0.9817;0.9144
201;0.9;0.995;0.9733
202;0.9;0.9967;0.9833
203;0.9;0.995;0.9769
204;1;1;1
205;1;1;1
206;0.9;0.9867;0.9556
207;0.8;0.975;0.8446
208;0.8;0.985;0.9306
209;0.8;0.9717;0.9063
210;0.8;0.98;0.9231
211;0.9;0.9883;0.9525
212;0.9;0.995;0.9769
213;0.8;0.9867;0.9407
214;0.6;0.9433;0.6435
215;0.6;0.9333;0.5651
216;0.9;0.9817;0.94
217;1;1;1
218;0.8;0.9317;0.8514
219;0.9;0.9783;0.9355
220;0.9;0.9933;0.9573
221;0.7;0.9017;0.8044
222;0.6;0.905;0.6205
223;0.8;0.9617;0.9037
224;0.6;0.9117;0.6877
225;0.9;0.9983;0.9909
226;0.9;0.9867;0.9556
227;0.8;0.9633;0.9152
228;0.6;0.93;0.6833
229;0.7;0.98;0.9073
230;0.9;0.99;0.9625
231;0.5;0.9083;0.654
232;1;1;1
233;0.8;0.94;0.8745
234;1;1;1
235;0.9;0.995;0.9769
236;0.9;0.9817;0.9476
237;0.8;0.955;0.8995
238;0.8;0.985;0.9332
239;0.9;0.985;0.9069
240;0.6;0.9517;0.775
241;0.9;0.985;0.9377
242;0.9;0.985;0.9526
243;1;1;1
244;0.9;0.9867;0.9488
245;0.8;0.9617;0.8902
246;0.9;0.995;0.9769
247;0.9;0.9933;0.9714
248;0.8;0.99;0.9532
249;0.8;0.9783;0.9188
250;0.8;0.9933;0.9652
251;0.9;0.9967;0.9809
252;0.8;0.9833;0.9317
253;0.9;0.9917;0.9667
254;0.9;0.965;0.9323
255;0.9;0.9717;0.9285
256;0.9;0.9933;0.9622
257;0.9;0.9933;0.9714
258;0.8;0.9783;0.9198
259;0.9;0.985;0.9526
260;0.9;0.9983;0.9909
261;0.8;0.9783;0.8995
262;0.9;0.9933;0.9669
263;0.7;0.95;0.7104
264;0.9;0.9867;0.9414
265;0.9;0.9933;0.9669
266;0.9;0.9967;0.9833
267;0.9;0.9883;0.9588
268;0.8;0.975;0.9044
269;0.8;0.9533;0.8813
270;0.9;0.9833;0.95
271;1;1;1
272;0.9;0.9933;0.9714
273;0.9;0.98;0.9455
274;0.9;0.9917;0.9614
275;0.9;0.9917;0.9667
276;0.8;0.9783;0.9198
277;0.9;0.9917;0.9667
278;0.8;0.99;0.9532
279;0.9;0.985;0.9526
280;0.9;0.99;0.9567
281;0.9;0.995;0.9733
282;0.9;0.9917;0.9667
283;0.8;0.955;0.8796
284;0.9;0.9933;0.9622
285;0.9;0.9817;0.9476
286;0.9;0.9883;0.9588
287;0.9;0.9967;0.9833
288;0.9;0.9867;0.9235
289;0.9;0.9967;0.9833
290;0.8;0.9783;0.9013
291;0.9;0.9933;0.9669
292;0.9;0.98;0.9455
293;1;1;1
294;0.7;0.9133;0.795
295;0.9;0.9983;0.9909
296;0.8;0.9683;0.9092
297;0.8;0.9817;0.9092
298;0.8;0.945;0.8732
299;0.8;0.9933;0.9652
300;0.8;0.9833;0.9374
301;0.8;0.99;0.9519
302;0.9;0.9933;0.9714
303;0.9;0.9933;0.9714
304;0.9;0.9667;0.9333
305;0.8;0.9517;0.8819
306;0.9;0.985;0.9456
307;1;1;1
308;0.9;0.9983;0.9909
309;0.9;0.9767;0.9417
310;0.9;0.9933;0.9622
311;0.8;0.935;0.8663
312;0.9;0.9983;0.9909
313;0.9;0.9767;0.9417
314;0.9;0.9967;0.9833
315;0.8;0.9517;0.8709
316;0.9;0.9867;0.9556
317;0.9;0.9883;0.9063
318;0.9;0.9983;0.9909
319;0.9;0.995;0.9769
320;0.6;0.9317;0.6228
321;0.8;0.9883;0.9485
322;0.9;0.9617;0.9303
323;0.8;0.99;0.9452
324;0.8;0.9717;0.9097
325;0.8;0.955;0.8874
326;1;1;1
327;0.9;0.9967;0.9809
328;0.9;0.9967;0.9833
329;0.9;0.9783;0.9355
330;0.8;0.97;0.9109
331;0.7;0.93;0.6408
332;0.9;0.9917;0.9667
333;0.8;0.9667;0.9043
334;0.9;0.975;0.8854
335;0.9;0.9983;0.9909
336;0.9;0.995;0.9769
337;0.9;0.9717;0.8404
338;0.8;0.9667;0.9077
339;0.9;0.9633;0.9313
340;0.9;0.995;0.9698
341;0.9;0.9967;0.9833
342;0.8;0.9683;0.8943
343;0.7;0.97;0.8156
344;0.8;0.98;0.9248
345;0.9;0.975;0.94
346;0.9;0.9967;0.9833
347;0.8;0.9583;0.9121
348;0.8;0.975;0.8722
349;1;1;1
350;0.8;0.9817;0.9344
351;0.9;0.9967;0.9833
352;0.8;0.9883;0.9464
353;0.8;0.975;0.8993
354;0.8;0.9683;0.8354
355;0.9;0.9967;0.9833
356;0.9;0.9983;0.9909
357;0.8;0.9483;0.8664
358;0.8;0.95;0.8807
359;0.8;0.985;0.8906
360;0.8;0.9633;0.9095
361;1;1;1
362;0.9;0.9983;0.9909
363;1;1;1
364;0.9;0.9983;0.9909
365;0.8;0.98;0.9138
366;1;1;1
367;0.9;0.995;0.9698
368;0.9;0.9967;0.9833
369;1;1;1
370;0.8;0.98;0.9157
371;0.9;0.995;0.9769
372;0.8;0.9783;0.8601
373;0.8;0.9733;0.8951
374;0.9;0.975;0.9317
375;0.8;0.9883;0.9485
376;0.8;0.9633;0.8946
377;0.8;0.9683;0.8928
378;0.9;0.995;0.9733
379;1;1;1
380;0.8;0.9633;0.9013
381;0.8;0.9833;0.9338
382;0.8;0.98;0.9027
383;0.9;0.995;0.9733
384;0.9;0.9933;0.9714
385;0.8;0.9783;0.8661
386;0.8;0.9583;0.9121
387;0.8;0.9833;0.931
388;0.9;0.9883;0.9588
389;0.8;0.9867;0.9407
390;0.9;0.995;0.9733
391;0.8;0.9783;0.8782
392;0.9;0.995;0.9698
393;0.9;0.9883;0.9456
394;0.9;0.9933;0.9714
395;0.9;0.985;0.9069
396;0.8;0.9883;0.9485
397;0.9;0.9983;0.9909
398;0.9;0.9933;0.9714
399;1;1;1
400;0.8;0.9733;0.9235
401;0.9;0.9967;0.9833
402;0.9;0.9967;0.9833
403;0.9;0.985;0.9526
404;1;1;1
405;0.9;0.97;0.927
406;0.9;0.9917;0.9667
407;0.8;0.9533;0.8597
408;0.8;0.9683;0.9135
409;0.8;0.97;0.9107
410;0.9;0.9883;0.9588
411;0.9;0.9833;0.95
412;0.9;0.9767;0.9243
413;0.8;0.98;0.9248
414;0.9;0.9667;0.9245
415;0.8;0.9783;0.8772
416;0.9;0.9833;0.9426
417;1;1;1
418;1;1;1
419;0.8;0.9767;0.9118
420;0.9;0.9717;0.9285
421;0.9;0.9483;0.915
422;0.8;0.985;0.9406
423;0.9;0.99;0.9567
424;0.9;0.9933;0.9714
425;0.8;0.9683;0.9092
426;0.9;0.9917;0.9558
427;0.8;0.9917;0.9587
428;0.9;0.9783;0.9435
429;0.9;0.9617;0.9303
430;0.8;0.9817;0.9344
431;0.8;0.97;0.9078
432;1;1;1
433;0.8;0.9667;0.8423
434;0.8;0.9867;0.9417
435;0.8;0.955;0.8835
436;0.8;0.955;0.8896
437;0.9;0.9883;0.9456
438;0.9;0.9917;0.9667
439;0.8;0.9817;0.9281
440;0.9;0.995;0.9769
441;1;1;1
442;0.8;0.9633;0.8877
443;1;1;1
444;0.8;0.99;0.9532
445;0.9;0.995;0.9733
446;0.9;0.985;0.9456
447;1;1;1
448;0.8;0.955;0.8874
449;0.9;0.97;0.9357
450;0.9;0.9933;0.9669
451;0.9;0.9733;0.9385
452;0.8;0.9483;0.8766
453;0.9;0.995;0.9769
454;0.8;0.9767;0.9273
455;0.8;0.98;0.9021
456;0.8;0.9817;0.9344
457;0.8;0.9567;0.8887
458;0.7;0.9483;0.8039
459;0.9;0.9983;0.9909
460;0.8;0.9733;0.7999
461;0.9;0.9717;0.937
462;0.8;0.985;0.9406
463;0.7;0.9333;0.8125
464;0.9;0.99;0.9567
465;0.9;0.9817;0.9476
466;0.9;0.995;0.9769
467;0.7;0.945;0.7804
468;0.9;0.9717;0.937
469;0.9;0.9917;0.9667
470;0.9;0.975;0.94
471;0.9;0.9983;0.9909
472;0.8;0.9933;0.9652
473;0.9;0.9933;0.9669
474;0.9;0.9867;0.9488
475;0.7;0.9667;0.8767
476;0.9;0.985;0.9526
477;0.8;0.9367;0.8756
478;0.9;0.9933;0.9714
479;0.8;0.985;0.9153
480;0.8;0.9783;0.9081
481;0.9;0.9933;0.9714
482;0.9;0.9967;0.9833
483;0.9;0.9983;0.9909
484;0.8;0.9817;0.9263
485;0.9;0.995;0.9769
486;0.8;0.9833;0.9295
487;0.8;0.9717;0.9056
488;0.8;0.9883;0.9421
489;0.8;0.985;0.9406
490;1;1;1
491;1;1;1
492;0.7;0.9717;0.8865
493;1;1;1
494;0.8;0.9533;0.8542
495;0.9;0.9983;0.9909
496;0.8;0.9867;0.9417
497;0.8;0.9833;0.9338
498;0.9;0.9983;0.9909
499;0.9;0.9917;0.9667
500;0.9;0.995;0.9733
